Rank,PlayerName,Nationality,Position,Squad,Age,BirthYear,MinutesDividedBy90,PassCompleted,PassAttempted,PassCompletionPercentage,TotalDistanceTraveledByPasses,TotalProgressiveDistanceTraveledByPasses,ShortPassCompleted,ShortPassAttempted,ShortPassCompletedPercentage,MediumPassCompleted,MediumPassAttempted,MediumPassCompletedPercentage,LongPassCompleted,LongPassAttempted,LongPassCompletedPercentage,Assists,ExpectedAssists,DifferenceBetweenExpectedAndRealAssists,AssistedShot,CompletedPassReallyCloseToGoal,CompletedPassWithin18Yard,CompletedCrossWithin18Yard,CompletedProgressivePass
1,Sabit Abdulai\Sabit-Abdulai,gh GHA,MF,Getafe,21,1999,0.7,7,12,58.3,133,9,2,2,100.0,4,5,80.0,1,3,33.3,0,0.0,0.0,0,0,1,0,1
2,Marcos Acuña\Marcos-Acuna,ar ARG,DF,Sevilla,28,1991,25.9,1426,1771,80.5,28082,11413,558,612,91.2,656,750,87.5,196,359,54.6,2,2.8,-0.8,33,110,36,18,122
3,Bobby Adekanye\Bobby-Adekanye,nl NED,FWMF,Cádiz,21,1999,0.4,7,10,70.0,99,1,3,3,100.0,3,4,75.0,0,2,0.0,0,0.0,0.0,0,0,0,0,0
4,Martin Agirregabiria\Martin-Agirregabiria,es ESP,DFMF,Alavés,24,1996,17.3,520,727,71.5,9660,4691,229,272,84.2,225,300,75.0,57,121,47.1,1,0.9,+0.1,12,40,16,8,45
5,Joseph Aidoo\Joseph-Aidoo,gh GHA,DF,Celta Vigo,24,1995,14.3,518,627,82.6,11583,3515,118,130,90.8,300,335,89.6,97,146,66.4,0,0.6,-0.6,2,36,2,0,39
6,Carlos Akapo\Carlos-Akapo,gq EQG,DF,Cádiz,27,1993,9.6,233,349,66.8,4349,1848,98,115,85.2,101,148,68.2,29,74,39.2,0,0.3,-0.3,2,10,5,3,13
7,Paul Akouokou\Paul-Akouokou,ci CIV,MF,Betis,22,1997,4.2,168,183,91.8,3248,590,59,64,92.2,83,86,96.5,22,28,78.6,0,0.4,-0.4,2,14,1,1,6
8,Jony Álamo\Jony-Alamo,es ESP,MF,Elche,18,2001,0.8,14,16,87.5,289,41,3,3,100.0,8,9,88.9,2,2,100.0,0,0.0,0.0,0,1,0,0,0
9,Jordi Alba\Jordi-Alba,es ESP,DF,Barcelona,31,1989,33.6,2507,2933,85.5,39791,12493,1391,1508,92.2,908,1050,86.5,170,267,63.7,5,7.4,-2.4,51,125,83,19,211
10,Raúl Albiol\Raul-Albiol,es ESP,DF,Villarreal,34,1985,34.6,1795,2007,89.4,42528,12143,384,416,92.3,953,1015,93.9,450,554,81.2,0,1.0,-1.0,4,98,5,0,111
11,Paco Alcácer\Paco-Alcacer,es ESP,FW,Villarreal,26,1993,17.2,202,275,73.5,2844,482,128,161,79.5,39,59,66.1,18,24,75.0,4,3.2,+0.8,17,5,7,1,9
12,Pedro Alcalá\Pedro-Alcala,es ESP,DF,Cádiz,31,1989,10.1,204,270,75.6,5372,1534,33,37,89.2,103,111,92.8,65,115,56.5,0,0.0,0.0,0,14,0,0,11
13,Rubén Alcaraz\Ruben-Alcaraz,es ESP,MF,Valladolid,29,1991,24.1,962,1157,83.1,20505,5059,350,392,89.3,398,443,89.8,199,286,69.6,0,0.6,-0.6,9,95,13,0,71
14,Iván Alejo\Ivan-Alejo,es ESP,MFFW,Cádiz,25,1995,9.2,130,231,56.3,2133,820,72,97,74.2,50,73,68.5,8,39,20.5,1,0.8,+0.2,11,9,11,6,20
15,Carles Aleñá\Carles-Alena,es ESP,MF,Barcelona,22,1998,0.5,38,42,90.5,725,166,14,17,82.4,14,15,93.3,8,8,100.0,0,0.0,0.0,0,2,0,0,6
16,Carles Aleñá\Carles-Alena,es ESP,MFFW,Getafe,22,1998,15.2,408,592,68.9,8172,2572,171,206,83.0,156,204,76.5,74,157,47.1,2,2.0,0.0,24,61,22,5,62
17,Alfon\Alfon,es ESP,MF,Celta Vigo,21,1999,0.4,15,15,100.0,197,27,10,10,100.0,5,5,100.0,0,0,,0,0.1,-0.1,1,1,1,0,1
18,Sergio Álvarez\Sergio-Alvarez,es ESP,MFDF,Eibar,28,1992,17.4,535,688,77.8,10868,2311,187,222,84.2,249,302,82.5,87,134,64.9,0,0.9,-0.9,8,51,2,1,35
19,Yeray Álvarez\Yeray-Alvarez,es ESP,DF,Athletic Club,25,1995,21.6,895,1061,84.4,21063,6859,229,258,88.8,439,492,89.2,217,288,75.3,0,0.4,-0.4,5,57,4,0,56
20,Emmanuel Amankwaa Akurugu\Emmanuel-Amankwaa-Akurugu,gh GHA,DF,Getafe,18,2001,0.5,8,12,66.7,157,38,3,4,75.0,4,4,100.0,1,3,33.3,0,0.0,0.0,0,1,0,0,1
21,Jon Ander Garrido\Jon-Ander-Garrido,es ESP,MF,Cádiz,30,1989,8.9,195,248,78.6,3652,1011,72,83,86.7,88,106,83.0,25,38,65.8,0,0.1,-0.1,3,22,1,1,12
22,Ángel\Angel,es ESP,GK,Granada,18,2002,1.0,16,30,53.3,760,668,0,0,,5,5,100.0,11,25,44.0,0,0.0,0.0,0,0,0,0,0
23,Miguel Ángel Rubio\Miguel-Angel-Rubio,es ESP,DF,Valladolid,22,1998,1.5,39,50,78.0,839,321,9,10,90.0,23,24,95.8,6,15,40.0,0,0.0,0.0,0,2,0,0,3
24,José Ángel\Jose-Angel,es ESP,DF,Eibar,30,1989,10.0,509,681,74.7,10712,4232,194,215,90.2,214,262,81.7,99,190,52.1,0,0.9,-0.9,10,43,14,8,51
25,José Antonio Miranda\Jose-Antonio-Miranda,gq EQG,MFDF,Getafe,22,1998,0.3,9,16,56.3,92,11,9,11,81.8,0,3,0.0,0,1,0.0,0,0.0,0.0,0,0,0,0,0
26,Aritz Arambarri\Aritz-Arambarri,es ESP,DF,Real Sociedad,22,1998,0.3,15,20,75.0,312,146,2,2,100.0,11,12,91.7,2,5,40.0,0,0.0,0.0,0,1,0,0,1
27,Mauro Arambarri\Mauro-Arambarri,uy URU,MF,Getafe,24,1995,33.1,754,1076,70.1,17074,4295,251,303,82.8,295,384,76.8,190,348,54.6,0,2.1,-2.1,21,83,26,10,88
28,Néstor Araujo\Nestor-Araujo,mx MEX,DF,Celta Vigo,28,1991,27.0,1321,1555,85.0,29692,8417,310,343,90.4,744,804,92.5,258,382,67.5,0,0.7,-0.7,4,81,3,1,72
29,Ronald Araújo\Ronald-Araujo,uy URU,DF,Barcelona,21,1999,16.8,987,1068,92.4,19975,4460,302,316,95.6,552,578,95.5,125,162,77.2,1,0.1,+0.9,2,48,0,0,26
30,Anaitz Arbilla\Anaitz-Arbilla,es ESP,DF,Eibar,33,1987,31.2,1444,1875,77.0,34740,12168,423,471,89.8,612,718,85.2,392,645,60.8,1,0.9,+0.1,12,158,15,6,149
31,Unai Arietaleanizbeaskoa\Unai-Arietaleanizbeaskoa,es ESP,FWMF,Eibar,21,1999,0.5,4,7,57.1,51,15,2,4,50.0,2,2,100.0,0,0,,0,0.0,0.0,0,0,0,0,1
32,Sergio Arribas\Sergio-Arribas,es ESP,FWDF,Real Madrid,18,2001,1.5,76,92,82.6,1168,317,38,43,88.4,29,34,85.3,4,5,80.0,0,0.0,0.0,1,3,4,1,9
33,Sergio Asenjo\Sergio-Asenjo,es ESP,GK,Villarreal,31,1989,36.0,1033,1307,79.0,29726,17194,176,176,100.0,512,520,98.5,340,606,56.1,0,0.0,0.0,0,11,0,0,0
34,Marco Asensio\Marco-Asensio,es ESP,FWMF,Real Madrid,24,1996,20.8,808,1007,80.2,13286,3007,448,491,91.2,255,306,83.3,87,152,57.2,2,3.0,-1.0,36,45,38,10,75
35,Iago Aspas\Iago-Aspas,es ESP,FW,Celta Vigo,32,1987,31.8,965,1254,77.0,15329,3590,523,641,81.6,306,382,80.1,92,124,74.2,13,8.3,+4.7,60,59,52,5,116
36,Miguel Atienza\Miguel-Atienza,es ESP,MF,Eibar,21,1999,9.3,270,336,80.4,4790,930,120,144,83.3,110,130,84.6,32,45,71.1,0,0.1,-0.1,2,29,4,1,20
37,Ezequiel Ávila\Ezequiel-Avila,ar ARG,MFFW,Osasuna,26,1994,2.2,32,57,56.1,650,176,13,22,59.1,12,18,66.7,6,12,50.0,0,0.0,0.0,0,4,3,0,5
38,Ramon Azeez\Ramon-Azeez,ng NGA,MFDF,Granada,27,1992,1.1,28,38,73.7,416,47,17,22,77.3,11,15,73.3,0,1,0.0,0,0.0,0.0,0,3,0,0,0
39,Carlos Bacca\Carlos-Bacca,co COL,FW,Villarreal,33,1986,8.7,111,165,67.3,1682,392,62,78,79.5,22,39,56.4,13,22,59.1,0,0.9,-0.9,6,9,6,1,12
40,Édgar Badía\Edgar-Badia,es ESP,GK,Elche,28,1992,30.0,867,1147,75.6,27112,17618,125,126,99.2,354,357,99.2,353,629,56.1,0,0.0,0.0,1,12,0,0,1
41,Alex Baena\Alex-Baena,es ESP,MF,Villarreal,19,2001,1.5,42,55,76.4,693,110,20,25,80.0,19,25,76.0,3,5,60.0,0,0.1,-0.1,2,3,1,0,3
42,Miguel Baeza\Miguel-Baeza,es ESP,MFFW,Celta Vigo,20,2000,6.0,177,217,81.6,2959,674,88,105,83.8,63,73,86.3,19,27,70.4,0,0.6,-0.6,6,11,6,2,13
43,Mikel Balenziaga\Mikel-Balenziaga,es ESP,DF,Athletic Club,32,1988,18.8,710,936,75.9,12843,4172,308,358,86.0,319,386,82.6,75,149,50.3,1,0.6,+0.4,7,57,8,6,45
44,Barcia\Barcia,es ESP,DF,Granada,19,2000,1.0,13,34,38.2,252,104,5,9,55.6,6,13,46.2,2,10,20.0,0,0.0,0.0,0,2,0,0,1
45,Enis Bardhi\Enis-Bardhi,mk MKD,MF,Levante,25,1995,18.7,678,905,74.9,13271,3696,296,349,84.8,259,318,81.4,113,200,56.5,2,1.1,+0.9,22,64,31,12,84
46,Kike Barja\Kike-Barja,es ESP,MFFW,Osasuna,23,1997,15.9,353,511,69.1,6103,1677,184,224,82.1,125,169,74.0,35,78,44.9,3,1.9,+1.1,17,17,20,10,45
47,Marc Baró\Marc-Baro,es ESP,DF,Cádiz,20,1999,1.0,10,19,52.6,211,150,5,6,83.3,3,6,50.0,2,6,33.3,0,0.3,-0.3,2,0,0,0,0
48,Antonio Barragán\Antonio-Barragan,es ESP,DF,Elche,33,1987,24.8,1095,1321,82.9,21703,8023,401,436,92.0,517,587,88.1,164,265,61.9,3,1.0,+2.0,9,54,15,7,69
49,Ander Barrenetxea\Ander-Barrenetxea,es ESP,MFFW,Real Sociedad,18,2001,14.5,294,411,71.5,4805,1118,152,186,81.7,111,147,75.5,24,48,50.0,0,2.0,-2.0,14,20,12,3,28
50,Marc Bartra\Marc-Bartra,es ESP,DF,Betis,29,1991,18.8,782,963,81.2,17193,4822,222,240,92.5,412,471,87.5,143,242,59.1,1,0.8,+0.2,3,34,1,0,30
51,Álvaro Bastida\Alvaro-Bastida,es ESP,MF,Cádiz,16,2004,0.4,5,10,50.0,99,45,2,3,66.7,2,2,100.0,1,4,25.0,0,0.0,0.0,0,0,0,0,2
52,Rodrigo Battaglia\Rodrigo-Battaglia,ar ARG,MF,Alavés,29,1991,27.7,871,1035,84.2,16530,3410,360,405,88.9,381,425,89.6,115,168,68.5,0,0.2,-0.2,3,56,4,1,49
53,Jon Bautista\Jon-Bautista,es ESP,FWMF,Real Sociedad,25,1995,4.1,55,89,61.8,853,149,26,39,66.7,21,32,65.6,4,9,44.4,1,0.2,+0.8,4,3,1,0,4
54,Fran Beltrán\Fran-Beltran,es ESP,MF,Celta Vigo,21,1999,15.5,708,780,90.8,13461,2823,281,304,92.4,324,346,93.6,95,111,85.6,0,0.3,-0.3,6,52,10,2,34
55,Sergio Benito\Sergio-Benito,es ESP,FW,Valladolid,21,1999,0.0,0,0,,0,0,0,0,,0,0,,0,0,,0,0.0,0.0,0,0,0,0,0
56,Karim Benzema\Karim-Benzema,fr FRA,FW,Real Madrid,32,1987,32.2,1043,1248,83.6,15229,2695,638,717,89.0,297,349,85.1,72,101,71.3,9,6.3,+2.7,37,56,37,1,82
57,Yuri Berchiche\Yuri-Berchiche,es ESP,DF,Athletic Club,30,1990,18.7,922,1124,82.0,17364,6946,402,462,87.0,388,451,86.0,117,166,70.5,3,1.9,+1.1,18,63,39,17,122
58,Álex Berenguer\Alex-Berenguer,es ESP,MFFW,Athletic Club,25,1995,25.3,620,917,67.6,9741,3241,350,429,81.6,209,278,75.2,46,146,31.5,4,3.8,+0.2,38,24,38,8,82
59,Pedro Bigas\Pedro-Bigas,es ESP,DF,Eibar,29,1990,17.0,461,640,72.0,11804,3839,84,113,74.3,247,297,83.2,126,220,57.3,0,0.0,0.0,0,27,1,0,38
60,Blanco\Blanco,es ESP,MFDF,Real Madrid,20,2000,2.4,161,175,92.0,2911,611,78,82,95.1,56,62,90.3,23,26,88.5,0,0.1,-0.1,2,15,1,1,10
61,Alejandro Blanco\Alejandro-Blanco,es ESP,MF,Valencia,21,1998,6.4,105,144,72.9,1492,189,63,79,79.7,37,48,77.1,3,6,50.0,0,0.5,-0.5,6,4,1,1,2
62,Rubén Blanco\Ruben-Blanco,es ESP,GK,Celta Vigo,25,1995,18.2,470,664,70.8,13914,8364,96,97,99.0,199,200,99.5,173,365,47.4,0,0.0,0.0,0,7,1,0,0
63,Alejandro Blesa\Alejandro-Blesa,es ESP,MF,Levante,18,2002,0.1,12,12,100.0,281,28,2,2,100.0,8,8,100.0,2,2,100.0,0,0.0,0.0,0,2,0,0,0
64,Yann Bodiger\Yann-Bodiger,fr FRA,MF,Cádiz,25,1995,2.8,67,96,69.8,1154,271,33,43,76.7,24,28,85.7,7,17,41.2,0,0.1,-0.1,2,7,0,0,4
65,Yassine Bounou\Yassine-Bounou,ma MAR,GK,Sevilla,29,1991,33.0,865,1096,78.9,26072,12892,121,121,100.0,409,411,99.5,332,560,59.3,0,0.0,0.0,1,4,0,0,1
66,Lucas Boyé\Lucas-Boye,ar ARG,FW,Elche,24,1996,29.9,521,660,78.9,8115,1189,299,353,84.7,152,186,81.7,47,64,73.4,2,1.0,+1.0,11,45,7,1,31
67,Martin Braithwaite\Martin-Braithwaite,dk DEN,FW,Barcelona,29,1991,13.1,230,283,81.3,3069,366,152,170,89.4,57,79,72.2,13,18,72.2,2,2.0,0.0,10,7,6,0,9
68,Darko Brašanac\Darko-Brasanac,rs SRB,MF,Osasuna,28,1992,10.1,229,315,72.7,3658,868,118,138,85.5,90,126,71.4,14,24,58.3,0,0.2,-0.2,6,25,7,2,27
69,Álvaro Bravo\Alvaro-Bravo,es ESP,MF,Granada,22,1998,0.2,8,11,72.7,126,19,4,6,66.7,4,5,80.0,0,0,,0,0.0,0.0,0,1,0,0,0
70,Claudio Bravo\Claudio-Bravo,cl CHI,GK,Betis,37,1983,20.0,422,649,65.0,13912,8906,75,76,98.7,156,156,100.0,186,412,45.1,0,0.3,-0.3,3,13,0,0,0
71,Yan Brice Eteki\Yan-Brice-Eteki,cm CMR,MF,Granada,22,1997,14.7,278,357,77.9,4886,944,128,149,85.9,119,142,83.8,28,52,53.8,0,0.0,0.0,2,25,2,1,24
72,Juan Brunet\Juan-Brunet,ar ARG,MF,Granada,22,1998,0.3,7,8,87.5,75,29,6,6,100.0,1,2,50.0,0,0,,0,0.0,0.0,0,0,0,0,1
73,Bryan\Bryan,es ESP,FW,Sevilla,19,2001,0.1,5,7,71.4,68,9,3,4,75.0,2,2,100.0,0,0,,0,0.0,0.0,0,0,0,0,0
74,Bryan\Bryan,es ESP,MFFW,Eibar,19,2001,25.2,694,1017,68.2,11249,3623,403,474,85.0,214,306,69.9,64,171,37.4,3,5.2,-2.2,52,45,53,18,88
75,Ante Budimir\Ante-Budimir,hr CRO,FW,Osasuna,29,1991,18.1,251,400,62.8,3391,620,154,227,67.8,68,114,59.6,12,21,57.1,0,0.6,-0.6,8,20,5,0,22
76,Esteban Burgos\Esteban-Burgos,ar ARG,DF,Eibar,28,1992,12.3,417,547,76.2,11228,2783,76,93,81.7,190,234,81.2,149,211,70.6,1,0.1,+0.9,2,23,0,0,27
77,Burgui\Burgui,es ESP,MF,Alavés,26,1993,0.2,8,9,88.9,131,45,5,5,100.0,2,2,100.0,1,2,50.0,0,0.0,0.0,0,1,0,0,1
78,Sergio Busquets\Sergio-Busquets,es ESP,MF,Barcelona,32,1988,28.0,2484,2715,91.5,44164,11775,1104,1173,94.1,1055,1124,93.9,265,332,79.8,5,3.6,+1.4,30,293,33,0,218
79,Erick Cabaco\Erick-Cabaco,uy URU,DF,Getafe,25,1995,14.7,297,440,67.5,8673,3473,65,83,78.3,114,151,75.5,114,195,58.5,0,0.0,0.0,0,38,0,0,34
80,Cala\Cala,es ESP,DF,Cádiz,30,1989,25.2,508,688,73.8,13594,4275,89,108,82.4,250,287,87.1,164,282,58.2,0,0.3,-0.3,4,36,2,0,24
81,Jonathan Calleri\Jonathan-Calleri,ar ARG,FW,Osasuna,26,1993,17.2,218,355,61.4,3399,690,115,170,67.6,81,122,66.4,12,32,37.5,2,1.3,+0.7,10,18,8,1,26
82,Dani Calvo\Dani-Calvo,es ESP,DF,Elche,26,1994,19.8,640,743,86.1,13799,4334,185,196,94.4,339,360,94.2,109,174,62.6,0,0.0,0.0,0,25,0,0,26
83,José Campaña\Jose-Campana,es ESP,MF,Levante,27,1993,8.3,387,504,76.8,6912,2652,185,216,85.6,144,173,83.2,48,92,52.2,2,1.4,+0.6,12,44,22,4,64
84,Sergio Canales\Sergio-Canales,es ESP,MFFW,Betis,29,1991,27.8,1478,1745,84.7,30106,5804,601,665,90.4,560,632,88.6,274,366,74.9,6,5.1,+0.9,61,111,46,11,115
85,Álex Cantero\Alex-Cantero,es ESP,FW,Levante,20,2000,2.6,,,,,,,,,,,,,,,0,,,,,,,
86,Ander Capa\Ander-Capa,es ESP,DF,Athletic Club,28,1992,23.7,915,1201,76.2,15968,6125,415,476,87.2,405,501,80.8,75,160,46.9,1,1.6,-0.6,16,58,19,5,94
87,Étienne Capoue\Etienne-Capoue,fr FRA,MF,Villarreal,32,1988,13.2,680,748,90.9,12405,2967,294,314,93.6,305,323,94.4,75,99,75.8,0,0.1,-0.1,3,70,5,0,52
88,Isaac Carcelen\Isaac-Carcelen,es ESP,DF,Cádiz,27,1993,28.7,782,1098,71.2,15467,7123,325,376,86.4,322,423,76.1,127,257,49.4,1,1.0,0.0,15,78,11,5,75
89,Cárdenas\Cardenas,es ESP,GK,Levante,23,1997,8.0,197,264,74.6,5449,3292,50,50,100.0,74,76,97.4,69,132,52.3,0,0.0,0.0,0,6,0,0,1
90,Marc Cardona\Marc-Cardona,es ESP,FWMF,Osasuna,25,1995,0.6,17,28,60.7,210,73,13,15,86.7,3,5,60.0,0,5,0.0,0,0.0,0.0,0,0,1,0,4
91,Diego Carlos\Diego-Carlos,br BRA,DF,Sevilla,27,1993,31.0,1742,1919,90.8,40632,11245,417,438,95.2,918,953,96.3,394,507,77.7,0,0.6,-0.6,6,65,1,0,50
92,Juan Carlos\Juan-Carlos,es ESP,MFFW,Huesca,29,1991,3.2,73,97,75.3,1180,322,40,50,80.0,26,34,76.5,6,10,60.0,1,0.3,+0.7,4,4,2,0,13
93,Yannick Carrasco\Yannick-Carrasco,be BEL,DFMF,Atlético Madrid,26,1993,24.2,779,1048,74.3,12117,3801,446,516,86.4,266,340,78.2,52,150,34.7,10,5.6,+4.4,44,34,42,6,92
94,Sergio Carreira\Sergio-Carreira,es ESP,DF,Celta Vigo,19,2000,2.9,91,118,77.1,1559,556,40,51,78.4,46,53,86.8,4,10,40.0,0,0.0,0.0,0,3,2,0,10
95,Guido Carrillo\Guido-Carrillo,ar ARG,FW,Elche,29,1991,11.1,226,317,71.3,3320,598,141,172,82.0,57,93,61.3,15,26,57.7,2,1.3,+0.7,10,25,3,0,26
96,Dani Carvajal\Dani-Carvajal,es ESP,DF,Real Madrid,28,1992,10.6,700,822,85.2,13226,3622,307,335,91.6,286,320,89.4,100,132,75.8,2,0.8,+1.2,9,29,18,5,52
97,William Carvalho\William-Carvalho,pt POR,MF,Betis,28,1992,13.6,814,954,85.3,15337,3569,345,383,90.1,350,390,89.7,105,156,67.3,0,0.5,-0.5,10,85,11,0,70
98,Casemiro\Casemiro,br BRA,MF,Real Madrid,28,1992,32.2,1632,1949,83.7,32768,8045,638,708,90.1,697,787,88.6,271,379,71.5,4,3.6,+0.4,25,150,24,0,111
99,Sofian Chakla\Sofian-Chakla,ma MAR,DF,Getafe,26,1993,10.0,128,207,61.8,2599,881,41,54,75.9,62,82,75.6,22,63,34.9,0,0.1,-0.1,1,9,0,0,17
100,Sofian Chakla\Sofian-Chakla,ma MAR,DF,Villarreal,26,1993,0.1,4,7,57.1,99,41,1,1,100.0,1,1,100.0,2,5,40.0,0,0.0,0.0,0,0,0,0,0
101,Chema\Chema,es ESP,DFMF,Getafe,28,1992,6.2,94,157,59.9,2358,997,24,37,64.9,40,62,64.5,29,55,52.7,0,0.1,-0.1,1,14,0,0,11
102,Denis Cheryshev\Denis-Cheryshev,ru RUS,MF,Valencia,29,1990,12.2,209,338,61.8,3793,1255,100,127,78.7,82,134,61.2,25,50,50.0,3,2.4,+0.6,15,20,15,6,36
103,Samuel Chukwueze\Samuel-Chukwueze,ng NGA,MFFW,Villarreal,21,1999,15.2,397,532,74.6,6638,1586,189,228,82.9,175,227,77.1,26,52,50.0,2,2.6,-0.6,28,16,30,6,47
104,Víctor Chust\Victor-Chust,es ESP,DF,Real Madrid,20,2000,1.1,65,70,92.9,1454,434,14,15,93.3,39,39,100.0,11,15,73.3,0,0.0,0.0,0,5,0,0,2
105,Cifu\Cifu,es ESP,DF,Elche,29,1990,5.0,162,219,74.0,2697,985,82,93,88.2,59,81,72.8,17,30,56.7,0,0.0,0.0,0,8,0,0,8
106,Alberto Cifuentes\Alberto-Cifuentes,es ESP,GK,Cádiz,41,1979,2.0,31,69,44.9,1673,1368,1,1,100.0,3,3,100.0,27,65,41.5,0,0.0,0.0,1,1,0,0,0
107,Jasper Cillessen\Jasper-Cillessen,nl NED,GK,Valencia,31,1989,10.0,188,317,59.3,6614,4602,40,40,100.0,54,55,98.2,90,218,41.3,0,0.0,0.0,0,4,0,0,0
108,Carlos Clerc\Carlos-Clerc,es ESP,DF,Levante,28,1992,30.9,1304,1699,76.8,22889,9666,666,746,89.3,500,613,81.6,126,278,45.3,3,3.3,-0.3,23,96,39,16,160
109,Coke\Coke,es ESP,DF,Levante,33,1987,9.3,361,442,81.7,6986,2644,145,164,88.4,162,185,87.6,52,78,66.7,0,0.3,-0.3,4,19,11,1,41
110,Francis Coquelin\Francis-Coquelin,fr FRA,MF,Villarreal,29,1991,8.2,461,524,88.0,7869,1564,229,255,89.8,189,205,92.2,34,44,77.3,0,0.5,-0.5,3,28,4,0,22
111,Iñigo Córdoba\Inigo-Cordoba,es ESP,FWMF,Athletic Club,23,1997,1.1,17,36,47.2,220,97,9,17,52.9,6,10,60.0,0,6,0.0,0,0.0,0.0,0,0,1,0,2
112,Iñigo Córdoba\Inigo-Cordoba,es ESP,MF,Alavés,23,1997,2.4,49,77,63.6,871,367,18,26,69.2,20,29,69.0,7,13,53.8,0,0.3,-0.3,3,1,4,2,5
113,Ángel Correa\Angel-Correa,ar ARG,FWMF,Atlético Madrid,25,1995,26.6,706,910,77.6,10112,2261,422,499,84.6,202,253,79.8,43,88,48.9,8,5.7,+2.3,34,46,35,3,69
114,Rober Correa\Rober-Correa,es ESP,DF,Eibar,27,1992,12.6,428,610,70.2,8274,3270,180,216,83.3,176,250,70.4,64,124,51.6,2,1.0,+1.0,10,39,10,8,30
115,Thierry Correia\Thierry-Correia,pt POR,DF,Valencia,21,1999,23.7,919,1211,75.9,17613,6511,385,444,86.7,392,489,80.2,127,221,57.5,1,1.3,-0.3,16,46,24,15,57
116,Diego Costa\Diego-Costa,es ESP,FW,Atlético Madrid,31,1988,2.3,56,73,76.7,801,77,39,48,81.3,11,15,73.3,4,4,100.0,0,0.3,-0.3,4,1,4,0,4
117,Jaume Costa\Jaume-Costa,es ESP,DFMF,Villarreal,32,1988,3.9,200,237,84.4,3693,1366,91,102,89.2,88,100,88.0,20,31,64.5,1,0.3,+0.7,5,9,5,1,9
118,Thibaut Courtois\Thibaut-Courtois,be BEL,GK,Real Madrid,28,1992,38.0,1076,1307,82.3,28720,14815,163,165,98.8,617,619,99.7,292,518,56.4,0,0.0,0.0,0,12,1,0,0
119,Philippe Coutinho\Philippe-Coutinho,br BRA,MFFW,Barcelona,28,1992,7.3,454,523,86.8,6951,1476,257,280,91.8,158,179,88.3,29,48,60.4,2,0.9,+1.1,7,40,15,2,44
120,Juan Cruz Armada\Juan-Cruz-Armada,es ESP,DF,Osasuna,28,1992,21.8,606,870,69.7,11287,5974,261,308,84.7,265,362,73.2,74,162,45.7,0,0.5,-0.5,12,45,13,7,55
121,Sergio Cubero Ezcurra\Sergio-Cubero-Ezcurra,es ESP,MF,Eibar,20,1999,0.0,0,0,,0,0,0,0,,0,0,,0,0,,0,0.0,0.0,0,0,0,0,0
122,Cucho\Cucho,co COL,FWMF,Getafe,21,1999,16.3,344,515,66.8,5327,1440,199,258,77.1,97,159,61.0,31,56,55.4,3,1.1,+1.9,18,22,16,3,36
123,Marc Cucurella\Marc-Cucurella,es ESP,MF,Getafe,22,1998,36.0,927,1310,70.8,15101,5065,509,620,82.1,318,436,72.9,80,180,44.4,2,3.0,-1.0,35,65,36,12,105
124,Patrick Cutrone\Patrick-Cutrone,it ITA,FW,Valencia,22,1998,1.2,15,20,75.0,280,44,6,7,85.7,5,6,83.3,2,4,50.0,0,0.2,-0.2,1,1,2,0,3
125,Moussa Dembélé\Moussa-Dembele,fr FRA,FWMF,Atlético Madrid,24,1996,1.1,20,33,60.6,281,23,14,20,70.0,6,11,54.5,0,1,0.0,0,0.0,0.0,1,0,1,0,1
126,Ousmane Dembélé\Ousmane-Dembele,fr FRA,FWDF,Barcelona,23,1997,19.7,844,1023,82.5,13327,2906,483,536,90.1,288,350,82.3,59,88,67.0,3,4.9,-1.9,36,40,44,6,76
127,Sergiño Dest\Sergino-Dest,us USA,DF,Barcelona,19,2000,21.2,1164,1302,89.4,16336,4197,717,767,93.5,373,410,91.0,36,53,67.9,1,2.6,-1.6,22,46,26,6,60
128,Deyverson\Deyverson,br BRA,FW,Alavés,29,1991,9.7,155,310,50.0,3155,1052,71,129,55.0,51,98,52.0,28,60,46.7,3,1.6,+1.4,7,24,8,3,22
129,Abdoulay Diaby\Abdoulay-Diaby,ml MLI,MF,Getafe,29,1991,0.2,5,10,50.0,69,11,4,5,80.0,1,2,50.0,0,2,0.0,0,0.1,-0.1,1,0,0,0,0
130,Mouctar Diakhaby\Mouctar-Diakhaby,fr FRA,DF,Valencia,23,1996,23.1,844,981,86.0,19750,5812,202,223,90.6,448,475,94.3,192,268,71.6,0,0.0,0.0,0,44,1,0,37
131,Víctor Díaz\Victor-Diaz,es ESP,DF,Granada,32,1988,9.2,265,385,68.8,5767,2717,82,93,88.2,129,159,81.1,52,117,44.4,2,0.3,+1.7,7,22,6,4,26
132,Papakouli Diop\Papakouli-Diop,sn SEN,MF,Eibar,34,1986,25.8,633,898,70.5,13435,3293,210,269,78.1,295,401,73.6,119,199,59.8,1,1.1,-0.1,15,92,10,2,76
133,Djené\Djene,tg TOG,DF,Getafe,28,1991,32.7,723,943,76.7,16357,5196,187,225,83.1,369,436,84.6,160,269,59.5,1,0.1,+0.9,5,55,2,1,59
134,Marko Dmitrović\Marko-Dmitrovic,rs SRB,GK,Eibar,28,1992,34.7,580,1074,54.0,27390,21416,49,49,100.0,169,172,98.3,359,849,42.3,0,0.5,-0.5,4,68,2,0,1
135,Jaume Doménech\Jaume-Domenech,es ESP,GK,Valencia,29,1990,28.0,623,897,69.5,22663,15899,88,89,98.9,220,222,99.1,312,583,53.5,0,0.0,0.0,0,6,0,0,1
136,Carlos Dominguez\Carlos-Dominguez,es ESP,DF,Celta Vigo,19,2001,4.0,123,148,83.1,2856,908,24,24,100.0,75,85,88.2,24,37,64.9,0,0.1,-0.1,1,4,0,0,5
137,John Donald\John-Donald,es ESP,DF,Elche,19,2000,0.6,19,20,95.0,379,146,10,11,90.9,5,5,100.0,4,4,100.0,0,0.0,0.0,0,0,0,0,0
138,Cheick Doukouré\Cheick-Doukoure,ci CIV,MF,Levante,27,1992,1.1,39,45,86.7,796,101,14,15,93.3,16,19,84.2,8,10,80.0,0,0.1,-0.1,1,3,0,0,1
139,Idrissa Doumbia\Idrissa-Doumbia,ci CIV,MF,Huesca,22,1998,8.7,378,413,91.5,7084,1236,148,161,91.9,184,195,94.4,44,51,86.3,0,0.0,0.0,1,21,1,0,17
140,Domingos Duarte\Domingos-Duarte,pt POR,DF,Granada,25,1995,26.3,761,948,80.3,17453,6258,186,212,87.7,397,445,89.2,172,274,62.8,0,1.0,-1.0,5,56,4,1,85
141,Óscar Duarte\Oscar-Duarte,cr CRC,DF,Levante,31,1989,22.9,1009,1154,87.4,22919,7276,247,266,92.9,525,556,94.4,222,310,71.6,0,0.2,-0.2,4,48,0,0,55
142,Rubén Duarte\Ruben-Duarte,es ESP,DF,Alavés,24,1995,28.3,934,1319,70.8,18364,9661,403,462,87.2,385,504,76.4,138,312,44.2,1,2.4,-1.4,26,71,24,10,115
143,Unai Dufur\Unai-Dufur,es ESP,DF,Eibar,21,1999,0.7,34,43,79.1,697,313,8,9,88.9,21,25,84.0,5,7,71.4,0,0.0,0.0,0,2,0,0,4
144,Hugo Duro\Hugo-Duro,es ESP,FW,Real Madrid,20,1999,0.6,5,5,100.0,53,5,5,5,100.0,0,0,,0,0,,0,0.1,-0.1,1,0,1,0,1
145,Aritz Elustondo\Aritz-Elustondo,es ESP,DF,Real Sociedad,26,1994,20.9,1057,1210,87.4,22870,6981,293,318,92.1,563,613,91.8,192,265,72.5,0,0.2,-0.2,3,89,5,2,88
146,Rodrigo Ely\Rodrigo-Ely,br BRA,DF,Alavés,26,1993,5.2,125,159,78.6,3190,1013,27,33,81.8,61,70,87.1,35,53,66.0,0,0.1,-0.1,1,4,1,0,5
147,Emerson\Emerson,br BRA,DF,Betis,21,1999,33.2,1565,1928,81.2,25193,9342,840,932,90.1,577,689,83.7,113,211,53.6,4,2.2,+1.8,31,83,42,16,112
148,Youssef En-Nesyri\Youssef-En-Nesyri,ma MAR,FW,Sevilla,23,1997,25.7,281,408,68.9,4089,465,166,207,80.2,87,133,65.4,16,32,50.0,0,1.3,-1.3,11,8,0,0,10
149,Sergi Enrich\Sergi-Enrich,es ESP,FW,Eibar,30,1990,15.6,357,463,77.1,5289,781,212,263,80.6,104,135,77.0,25,34,73.5,0,1.0,-1.0,13,23,8,2,26
150,Aarón Escandell\Aaron-Escandell,es ESP,GK,Granada,24,1995,5.0,74,151,49.0,3201,2489,7,7,100.0,22,23,95.7,45,121,37.2,0,0.0,0.0,0,7,0,0,0
151,Dani Escriche\Dani-Escriche,es ESP,FWMF,Huesca,22,1998,9.5,198,267,74.2,2850,467,116,143,81.1,70,86,81.4,7,21,33.3,1,1.3,-0.3,6,10,2,0,15
152,Sergio Escudero\Sergio-Escudero,es ESP,DF,Sevilla,30,1989,6.3,342,407,84.0,5989,2168,163,175,93.1,146,163,89.6,26,55,47.3,0,0.5,-0.5,7,21,12,4,23
153,Alfonso Espino\Alfonso-Espino,uy URU,DF,Cádiz,28,1992,28.9,666,1039,64.1,13322,6944,267,313,85.3,279,408,68.4,102,256,39.8,3,1.3,+1.7,14,48,13,10,59
154,Vicente Esquerdo\Vicente-Esquerdo,es ESP,MF,Valencia,21,1999,2.6,77,97,79.4,1445,319,38,42,90.5,26,32,81.3,11,17,64.7,0,0.1,-0.1,2,3,1,0,7
155,Pervis Estupiñán\Pervis-Estupinan,ec ECU,DF,Villarreal,22,1998,13.0,523,667,78.4,9534,3076,235,273,86.1,220,260,84.6,61,98,62.2,0,1.3,-1.3,15,14,22,15,32
156,Xabier Etxeita\Xabier-Etxeita,es ESP,DF,Getafe,32,1987,9.8,195,289,67.5,5002,1287,30,43,69.8,104,120,86.7,59,118,50.0,0,0.2,-0.2,1,13,0,0,18
157,Edu Expósito\Edu-Exposito,es ESP,MF,Eibar,23,1996,27.3,879,1179,74.6,17085,4672,339,422,80.3,382,461,82.9,137,242,56.6,3,2.8,+0.2,41,103,19,3,119
158,Jokin Ezkieta\Jokin-Ezkieta,es ESP,GK,Athletic Club,23,1996,1.0,21,24,87.5,532,248,4,4,100.0,12,12,100.0,5,8,62.5,0,0.0,0.0,0,0,0,0,0
159,Fali\Fali,es ESP,DFMF,Cádiz,26,1993,29.3,505,715,70.6,12418,3733,132,157,84.1,224,277,80.9,143,266,53.8,0,0.7,-0.7,8,55,8,3,53
160,Ansu Fati\Ansu-Fati,es ESP,FW,Barcelona,17,2002,4.8,174,205,84.9,2150,459,122,137,89.1,40,47,85.1,3,5,60.0,0,1.4,-1.4,9,3,7,0,11
161,Nabil Fekir\Nabil-Fekir,fr FRA,MFFW,Betis,27,1993,29.1,1070,1324,80.8,17975,4890,533,603,88.4,371,434,85.5,120,207,58.0,6,5.3,+0.7,52,118,48,6,119
162,Felipe\Felipe,br BRA,DF,Atlético Madrid,31,1989,22.9,889,1027,86.6,18752,5905,291,317,91.8,430,478,90.0,157,216,72.7,0,0.2,-0.2,3,35,0,0,40
163,João Félix\Joao-Felix,pt POR,FWMF,Atlético Madrid,20,1999,17.5,566,679,83.4,8432,2626,346,388,89.2,152,185,82.2,41,58,70.7,5,3.8,+1.2,20,66,21,0,75
164,Aitor Fernández\Aitor-Fernandez,es ESP,GK,Levante,29,1991,29.0,698,921,75.8,18559,10955,145,146,99.3,303,307,98.7,228,446,51.1,0,0.0,0.0,0,9,0,0,0
165,Álex Fernández\Alex-Fernandez,es ESP,MF,Cádiz,27,1992,21.6,667,898,74.3,13364,3973,247,295,83.7,283,333,85.0,122,233,52.4,1,1.8,-0.8,24,70,14,6,60
166,Álvaro Fernández\Alvaro-Fernandez,es ESP,GK,Huesca,22,1998,22.0,613,818,74.9,18382,10050,83,84,98.8,276,280,98.6,241,441,54.6,0,0.1,-0.1,1,10,0,0,0
167,Andrés Fernández\Andres-Fernandez,es ESP,GK,Huesca,33,1986,16.0,386,566,68.2,10986,6751,70,70,100.0,183,184,99.5,127,305,41.6,0,0.0,0.0,0,2,0,0,0
168,Augusto Fernández\Augusto-Fernandez,ar ARG,MF,Cádiz,34,1986,4.1,92,114,80.7,1843,391,30,36,83.3,42,47,89.4,17,26,65.4,0,0.0,0.0,0,3,1,0,8
169,Carlos Fernández\Carlos-Fernandez,es ESP,FW,Sevilla,24,1996,1.6,29,39,74.4,374,82,17,20,85.0,10,14,71.4,0,2,0.0,0,0.1,-0.1,1,2,0,0,2
170,Carlos Fernández\Carlos-Fernandez,es ESP,FWMF,Real Sociedad,24,1996,4.3,78,119,65.5,1132,337,46,63,73.0,24,35,68.6,5,10,50.0,2,0.6,+1.4,5,4,3,0,12
171,Joaquín Fernández\Joaquin-Fernandez,es ESP,DF,Valladolid,24,1996,23.0,622,763,81.5,14262,4337,153,170,90.0,319,359,88.9,143,219,65.3,0,0.3,-0.3,2,32,2,0,29
172,Fernando\Fernando,br BRA,MF,Sevilla,33,1987,28.3,1391,1537,90.5,27707,6641,487,524,92.9,697,744,93.7,194,243,79.8,4,3.4,+0.6,19,96,10,0,92
173,David Ferreiro\David-Ferreiro,es ESP,MFFW,Huesca,32,1988,28.1,720,1096,65.7,14629,4667,284,347,81.8,282,384,73.4,141,312,45.2,4,5.5,-1.5,71,58,44,19,85
174,Facundo Ferreyra\Facundo-Ferreyra,ar ARG,FW,Celta Vigo,29,1991,3.3,36,55,65.5,536,80,20,28,71.4,10,17,58.8,3,3,100.0,0,0.0,0.0,0,1,0,0,2
175,Fidel\Fidel,es ESP,MFDF,Elche,30,1989,26.6,911,1236,73.7,16555,5446,438,506,86.6,322,411,78.3,128,258,49.6,3,5.1,-2.1,48,65,23,11,81
176,Junior Firpo\Junior-Firpo,es ESP,DF,Barcelona,23,1996,3.2,210,236,89.0,3010,858,118,128,92.2,81,89,91.0,5,9,55.6,1,0.7,+0.3,5,9,2,0,14
177,Kingsley Fobi\Kingsley-Fobi,gh GHA,DF,Granada,21,1998,0.5,8,12,66.7,127,68,4,6,66.7,4,6,66.7,0,0,,0,0.0,0.0,0,0,1,0,1
178,Ramón Folch\Ramon-Folch,es ESP,MF,Elche,30,1989,0.0,0,0,,0,0,0,0,,0,0,,0,0,,0,0.0,0.0,0,0,0,0,0
179,José Fontán\Jose-Fontan,es ESP,DF,Celta Vigo,20,2000,7.2,278,340,81.8,5415,1782,95,102,93.1,151,171,88.3,28,56,50.0,0,0.0,0.0,0,23,2,0,29
180,Dimitri Foulquier\Dimitri-Foulquier,fr FRA,DF,Granada,27,1993,29.6,833,1093,76.2,14785,6826,384,435,88.3,348,432,80.6,88,174,50.6,4,1.8,+2.2,10,52,12,5,80
181,Juan Foyth\Juan-Foyth,ar ARG,DFMF,Villarreal,22,1998,13.0,650,734,88.6,12360,3842,269,295,91.2,291,315,92.4,86,106,81.1,0,0.2,-0.2,3,47,11,1,56
182,Jorge de Frutos\Jorge-de-Frutos,es ESP,MFFW,Levante,23,1997,24.3,488,720,67.8,8480,2791,227,294,77.2,190,254,74.8,55,120,45.8,9,5.3,+3.7,39,33,25,11,62
183,Ramiro Funes Mori\Ramiro-Funes-Mori,ar ARG,DF,Villarreal,29,1991,8.1,420,477,88.1,8549,2835,151,164,92.1,199,217,91.7,67,90,74.4,0,0.0,0.0,0,21,1,0,25
184,Javi Galán\Javi-Galan,es ESP,DF,Huesca,25,1994,34.1,1424,1820,78.2,25505,9419,679,753,90.2,576,690,83.5,151,307,49.2,2,3.1,-1.1,40,70,50,27,114
185,Enric Gallego\Enric-Gallego,es ESP,FW,Osasuna,33,1986,9.0,159,275,57.8,2491,674,86,139,61.9,57,91,62.6,11,26,42.3,2,0.7,+1.3,8,26,5,1,22
186,Kévin Gameiro\Kevin-Gameiro,fr FRA,FW,Valencia,33,1987,12.0,210,265,79.2,3052,337,123,141,87.2,68,91,74.7,10,13,76.9,1,1.2,-0.2,4,6,4,0,9
187,Aleix García\Aleix-Garcia,es ESP,MF,Eibar,23,1997,4.9,225,271,83.0,4760,980,85,97,87.6,92,103,89.3,45,65,69.2,1,0.8,+0.2,8,25,4,2,20
188,Borja García\Borja-Garcia,es ESP,MFFW,Huesca,29,1990,12.4,477,561,85.0,7989,1515,255,279,91.4,167,189,88.4,48,69,69.6,0,1.2,-1.2,21,34,12,0,39
189,Dani García\Dani-Garcia,es ESP,MF,Athletic Club,30,1990,21.3,866,1036,83.6,18651,4104,261,311,83.9,422,467,90.4,168,229,73.4,1,0.4,+0.6,7,95,2,1,75
190,David García\David-Garcia,es ESP,DF,Osasuna,26,1994,35.0,980,1298,75.5,23323,9365,237,286,82.9,508,602,84.4,221,383,57.7,0,0.3,-0.3,4,89,2,0,105
191,Manu García\Manu-Garcia,es ESP,MF,Alavés,34,1986,12.5,278,389,71.5,5073,1146,123,154,79.9,114,155,73.5,31,56,55.4,0,0.3,-0.3,5,28,2,1,25
192,Raúl García\Raul-Garcia,es ESP,FWMF,Athletic Club,34,1986,19.4,372,597,62.3,6021,2033,188,258,72.9,128,206,62.1,37,79,46.8,1,1.3,-0.3,18,55,18,0,71
193,Raúl García\Raul-Garcia,es ESP,DFMF,Valladolid,31,1989,5.6,199,287,69.3,3439,1632,99,119,83.2,80,108,74.1,15,41,36.6,0,0.2,-0.2,5,14,5,3,18
194,Rubén García\Ruben-Garcia,es ESP,MFFW,Osasuna,27,1993,30.2,803,1212,66.3,16148,5160,354,462,76.6,265,381,69.6,162,298,54.4,5,5.1,-0.1,51,70,41,22,76
195,Sergi García\Sergi-Garcia,es ESP,MF,Alavés,21,1999,0.2,5,8,62.5,115,0,1,3,33.3,3,4,75.0,1,1,100.0,0,0.0,0.0,0,0,0,0,0
196,Unai García\Unai-Garcia,es ESP,DF,Osasuna,28,1992,13.8,330,421,78.4,8856,2774,59,70,84.3,163,189,86.2,107,155,69.0,0,0.2,-0.2,3,30,2,0,26
197,Mario Gaspar\Mario-Gaspar,es ESP,DF,Villarreal,29,1990,20.6,935,1106,84.5,16347,6319,407,448,90.8,444,495,89.7,67,113,59.3,2,1.7,+0.3,12,51,24,10,61
198,Paulo Gazzaniga\Paulo-Gazzaniga,ar ARG,GK,Elche,28,1992,8.0,141,243,58.0,5981,4751,17,17,100.0,48,48,100.0,74,176,42.0,0,0.1,-0.1,1,22,3,0,0
199,David Gil\David-Gil,es ESP,GK,Cádiz,26,1994,4.0,44,123,35.8,2363,1880,0,0,,6,7,85.7,38,116,32.8,0,0.0,0.0,0,1,0,0,0
200,Álvaro Giménez\Alvaro-Gimenez,es ESP,FWMF,Cádiz,29,1991,4.5,58,93,62.4,890,161,33,48,68.8,20,30,66.7,4,8,50.0,1,0.0,+1.0,1,6,3,0,6
201,Dani Gómez\Dani-Gomez,es ESP,FW,Levante,22,1998,18.5,256,338,75.7,3559,733,157,184,85.3,71,88,80.7,13,24,54.2,2,1.1,+0.9,12,12,11,3,21
202,Ibai Gómez\Ibai-Gomez,es ESP,MF,Athletic Club,30,1989,4.7,109,161,67.7,1903,836,59,71,83.1,34,49,69.4,15,39,38.5,1,0.7,+0.3,7,8,3,2,19
203,Maxi Gómez\Maxi-Gomez,uy URU,FW,Valencia,23,1996,29.9,376,557,67.5,6325,1219,207,268,77.2,113,183,61.7,45,73,61.6,1,0.9,+0.1,12,35,6,2,44
204,Moi Gómez\Moi-Gomez,es ESP,MFFW,Villarreal,26,1994,28.5,1086,1329,81.7,18779,3992,541,591,91.5,426,505,84.4,104,179,58.1,0,2.5,-2.5,31,64,34,4,96
205,Papu Gómez\Papu-Gomez,ar ARG,MFFW,Sevilla,32,1988,10.2,513,589,87.1,9291,1951,251,270,93.0,187,205,91.2,66,96,68.8,1,1.1,-0.1,15,44,12,2,36
206,Sergi Gómez\Sergi-Gomez,es ESP,DF,Sevilla,28,1992,8.0,506,540,93.7,11057,2517,106,113,93.8,314,321,97.8,85,101,84.2,0,0.0,0.0,0,9,0,0,10
207,Sergio Gómez\Sergio-Gomez,es ESP,MFFW,Huesca,19,2000,8.8,318,440,72.3,5467,1901,174,201,86.6,110,131,84.0,33,92,35.9,1,1.2,-0.2,15,27,5,2,30
208,Maxime Gonalons\Maxime-Gonalons,fr FRA,MF,Granada,31,1989,16.4,602,726,82.9,13256,3342,181,206,87.9,295,329,89.7,119,171,69.6,1,0.6,+0.4,6,70,3,0,59
209,Bruno González\Bruno-Gonzalez,es ESP,DF,Valladolid,30,1990,25.1,597,764,78.1,13996,3896,138,163,84.7,299,349,85.7,152,234,65.0,0,0.0,0.0,1,23,0,0,28
210,Diego González\Diego-Gonzalez,es ESP,DF,Elche,25,1995,14.2,656,726,90.4,14441,4489,164,172,95.3,373,387,96.4,115,159,72.3,0,0.1,-0.1,1,21,0,0,31
211,Sergio González\Sergio-Gonzalez,es ESP,MF,Cádiz,23,1997,1.0,20,29,69.0,382,77,9,13,69.2,6,7,85.7,4,8,50.0,0,0.0,0.0,1,0,0,0,0
212,Urko González\Urko-Gonzalez,es ESP,MF,Real Sociedad,19,2001,0.5,27,30,90.0,566,136,8,8,100.0,15,17,88.2,4,5,80.0,0,0.0,0.0,1,4,0,0,2
213,Andoni Gorosabel\Andoni-Gorosabel,es ESP,DF,Real Sociedad,23,1996,26.5,1156,1433,80.7,18928,7808,594,658,90.3,451,545,82.8,86,170,50.6,1,2.4,-1.4,23,87,39,9,102
214,Antoine Griezmann\Antoine-Griezmann,fr FRA,FWMF,Barcelona,29,1991,28.9,1176,1346,87.4,17763,2985,674,749,90.0,379,424,89.4,81,99,81.8,7,5.6,+1.4,42,64,36,3,70
215,Andrés Guardado\Andres-Guardado,mx MEX,MF,Betis,33,1986,14.6,673,799,84.2,13461,3047,259,287,90.2,298,335,89.0,99,145,68.3,0,0.5,-0.5,7,68,9,1,64
216,Sergi Guardiola\Sergi-Guardiola,es ESP,FW,Valladolid,29,1991,19.9,335,513,65.3,5084,1046,216,302,71.5,73,113,64.6,32,53,60.4,2,1.6,+0.4,9,14,10,2,24
217,Nemanja Gudelj\Nemanja-Gudelj,rs SRB,MFDF,Sevilla,28,1991,11.6,727,774,93.9,14551,2996,242,249,97.2,380,394,96.4,96,116,82.8,0,0.0,0.0,2,31,2,0,22
218,Gonçalo Guedes\Goncalo-Guedes,pt POR,MFFW,Valencia,23,1996,25.4,584,797,73.3,10660,3126,287,351,81.8,215,279,77.1,73,120,60.8,5,3.6,+1.4,31,53,49,13,81
219,Ander Guevara\Ander-Guevara,es ESP,MF,Real Sociedad,23,1997,23.1,1166,1398,83.4,22327,5177,483,547,88.3,512,590,86.8,157,213,73.7,1,0.8,+0.2,13,107,11,0,106
220,John Guidetti\John-Guidetti,se SWE,FWMF,Alavés,28,1992,2.3,48,69,69.6,842,211,24,33,72.7,12,16,75.0,8,14,57.1,0,0.0,0.0,1,4,2,0,5
221,Hugo Guillamón\Hugo-Guillamon,es ESP,DF,Valencia,20,2000,22.1,1025,1149,89.2,23936,7533,221,244,90.6,566,596,95.0,230,294,78.2,0,0.0,0.0,0,79,2,0,77
222,Jon Guridi\Jon-Guridi,es ESP,MF,Real Sociedad,25,1995,9.2,292,355,82.3,4901,1086,157,179,87.7,108,127,85.0,23,35,65.7,1,0.7,+0.3,5,35,7,1,24
223,Raúl Guti\Raul-Guti,es ESP,MF,Elche,23,1996,31.8,1078,1282,84.1,20389,4292,450,501,89.8,452,509,88.8,149,220,67.7,1,0.6,+0.4,7,82,7,2,73
224,Marcos Mauro López Gutiérrez\Marcos-Mauro-Lopez-Gutierrez,ar ARG,DF,Cádiz,29,1991,20.3,421,497,84.7,9959,2436,91,101,90.1,216,233,92.7,106,150,70.7,0,0.1,-0.1,2,8,0,0,15
225,Miguel Gutiérrez\Miguel-Gutierrez,es ESP,DF,Real Madrid,19,2001,3.5,249,280,88.9,3743,1105,142,152,93.4,85,94,90.4,15,20,75.0,1,0.2,+0.8,4,15,7,3,11
226,Munir El Haddadi\Munir-El-Haddadi,ma MAR,FW,Sevilla,24,1995,9.4,272,345,78.8,4545,837,133,161,82.6,110,130,84.6,20,36,55.6,2,1.6,+0.4,11,13,11,4,24
227,Eden Hazard\Eden-Hazard,be BEL,FWMF,Real Madrid,29,1991,5.9,303,344,88.1,4491,793,193,215,89.8,81,89,91.0,21,22,95.5,2,0.8,+1.2,6,12,6,0,19
228,Mario Hermoso\Mario-Hermoso,es ESP,DF,Atlético Madrid,25,1995,28.6,1625,1920,84.6,31215,11368,658,702,93.7,754,848,88.9,200,325,61.5,1,0.4,+0.6,9,153,16,2,147
229,Aridane Hernández\Aridane-Hernandez,gq EQG,DF,Osasuna,31,1989,22.5,563,687,82.0,13734,4203,133,159,83.6,276,306,90.2,148,207,71.5,0,0.5,-0.5,6,32,2,0,37
230,Héctor Herrera\Hector-Herrera,mx MEX,MF,Atlético Madrid,30,1990,7.6,596,668,89.2,10945,2893,261,282,92.6,235,260,90.4,80,98,81.6,1,0.3,+0.7,6,64,8,1,57
231,Sergio Herrera\Sergio-Herrera,es ESP,GK,Osasuna,27,1993,32.9,631,1144,55.2,32058,25732,33,36,91.7,94,98,95.9,502,1006,49.9,0,0.0,0.0,0,64,0,0,1
232,Yangel Herrera\Yangel-Herrera,ve VEN,MF,Granada,22,1998,25.7,597,882,67.7,10706,3343,255,351,72.6,277,370,74.9,53,113,46.9,1,1.1,-0.1,9,99,9,1,90
233,Pablo Hervías\Pablo-Hervias,es ESP,DFMF,Valladolid,27,1993,13.4,556,736,75.5,9837,3694,270,297,90.9,212,260,81.5,66,149,44.3,5,3.4,+1.6,32,37,20,13,40
234,Jordan Holsgrove\Jordan-Holsgrove,sco SCO,MF,Celta Vigo,20,1999,1.6,92,104,88.5,1497,271,47,49,95.9,34,35,97.1,8,15,53.3,0,0.0,0.0,1,10,0,0,3
235,Vicente Iborra\Vicente-Iborra,es ESP,MF,Villarreal,32,1988,10.3,545,604,90.2,10868,2560,193,212,91.0,261,278,93.9,81,98,82.7,0,0.2,-0.2,2,39,6,0,28
236,Oussama Idrissi\Oussama-Idrissi,ma MAR,FWMF,Sevilla,24,1996,0.3,8,10,80.0,232,24,3,4,75.0,2,2,100.0,3,3,100.0,0,0.0,0.0,0,0,1,1,0
237,Iglesias\Iglesias,es ESP,DFMF,Getafe,22,1998,6.7,119,208,57.2,2351,1200,49,61,80.3,40,65,61.5,24,70,34.3,0,0.3,-0.3,5,11,6,5,8
238,Borja Iglesias\Borja-Iglesias,es ESP,FW,Betis,27,1993,15.7,202,271,74.5,2986,396,121,156,77.6,53,66,80.3,17,24,70.8,0,0.5,-0.5,5,6,3,1,11
239,Ilaix\Ilaix,es ESP,MF,Barcelona,17,2003,6.0,340,370,91.9,5064,799,193,205,94.1,123,134,91.8,15,19,78.9,2,0.8,+1.2,7,26,4,0,16
240,Asier Illarramendi\Asier-Illarramendi,es ESP,MF,Real Sociedad,30,1990,3.7,238,261,91.2,4476,1359,95,99,96.0,115,122,94.3,25,36,69.4,0,0.0,0.0,1,29,2,0,25
241,Pablo Insua\Pablo-Insua,es ESP,DF,Huesca,26,1993,17.6,647,756,85.6,14965,4326,154,171,90.1,359,392,91.6,131,186,70.4,0,0.1,-0.1,2,23,1,0,19
242,Takashi Inui\Takashi-Inui,jp JPN,MFFW,Eibar,32,1988,20.2,366,533,68.7,6113,1595,191,229,83.4,131,182,72.0,33,88,37.5,0,1.9,-1.9,14,24,23,10,37
243,Alexander Isak\Alexander-Isak,se SWE,FW,Real Sociedad,20,1999,26.0,329,454,72.5,5126,792,173,215,80.5,117,155,75.5,24,37,64.9,2,2.3,-0.3,11,14,21,2,35
244,Isco\Isco,es ESP,MFFW,Real Madrid,28,1992,10.1,633,731,86.6,10932,2914,319,338,94.4,222,254,87.4,72,105,68.6,2,1.7,+0.3,20,68,17,1,68
245,Jairo Izquierdo\Jairo-Izquierdo,es ESP,MFDF,Cádiz,26,1993,14.2,333,463,71.9,5402,1773,170,206,82.5,126,159,79.2,28,71,39.4,0,0.9,-0.9,8,21,8,4,21
246,Saidy Janko\Saidy-Janko,ch SUI,DF,Valladolid,24,1995,13.6,433,589,73.5,7458,2712,205,241,85.1,176,231,76.2,40,84,47.6,1,0.4,+0.6,8,30,12,7,32
247,Adnan Januzaj\Adnan-Januzaj,be BEL,FWMF,Real Sociedad,25,1995,11.3,409,573,71.4,7647,2857,199,231,86.1,137,173,79.2,61,133,45.9,5,4.4,+0.6,24,32,38,8,67
248,Jason\Jason,es ESP,MFDF,Valencia,26,1994,4.9,94,142,66.2,1596,537,47,63,74.6,38,51,74.5,9,26,34.6,0,0.6,-0.6,6,6,5,3,11
249,Luis Javier Suárez\Luis-Javier-Suarez,co COL,FWMF,Granada,22,1997,18.5,182,296,61.5,3135,862,85,124,68.5,79,117,67.5,14,29,48.3,1,1.4,-0.4,13,16,11,3,27
250,Joaquín\Joaquin,es ESP,FWMF,Betis,39,1981,14.3,605,753,80.3,9516,2602,357,392,91.1,185,224,82.6,45,96,46.9,6,2.5,+3.5,32,32,31,11,57
251,John Joe\John-Joe,ie IRL,MFDF,Getafe,16,2003,0.7,11,21,52.4,177,44,5,9,55.6,6,8,75.0,0,0,,0,0.0,0.0,0,0,0,0,1
252,Frenkie de Jong\Frenkie-de-Jong,nl NED,MFDF,Barcelona,23,1997,35.0,2598,2831,91.8,43830,11989,1212,1307,92.7,1126,1185,95.0,198,235,84.3,4,5.5,-1.5,49,227,34,2,186
253,Luuk de Jong\Luuk-de-Jong,nl NED,FW,Sevilla,29,1990,14.1,261,350,74.6,3717,383,157,188,83.5,78,117,66.7,14,20,70.0,0,1.1,-1.1,12,13,2,0,9
254,Jony\Jony,es ESP,MFFW,Osasuna,29,1991,9.7,231,397,58.2,4799,2227,96,133,72.2,82,134,61.2,51,108,47.2,2,2.3,-0.3,22,22,33,14,51
255,Joan Jordán\Joan-Jordan,es ESP,MF,Sevilla,26,1994,26.7,1776,2025,87.7,36128,7596,713,782,91.2,717,790,90.8,318,399,79.7,6,2.8,+3.2,39,164,33,9,136
256,Josan\Josan,es ESP,MFDF,Elche,30,1989,21.4,608,812,74.9,10333,3453,319,369,86.4,224,279,80.3,57,119,47.9,2,1.6,+0.4,16,29,15,11,48
257,Willian José\Willian-Jose,br BRA,FW,Real Sociedad,28,1991,7.7,186,241,77.2,3585,710,81,106,76.4,69,78,88.5,28,36,77.8,1,0.9,+0.1,7,12,6,1,19
258,Joselu\Joselu,es ESP,FW,Alavés,30,1990,33.6,611,1027,59.5,10097,2600,343,515,66.6,181,316,57.3,71,137,51.8,3,3.0,0.0,26,66,16,3,82
259,Josema\Josema,es ESP,DF,Elche,24,1996,21.8,784,1016,77.2,15253,6075,312,352,88.6,361,440,82.0,102,196,52.0,1,0.6,+0.4,6,43,8,6,35
260,Jota\Jota,es ESP,MF,Alavés,29,1991,15.5,369,499,73.9,6969,2128,173,201,86.1,137,167,82.0,52,109,47.7,2,1.9,+0.1,16,37,18,4,49
261,Jota\Jota,pt POR,FW,Valladolid,21,1999,7.4,,,,,,,,,,,,,,,0,,,,,,,
262,Luka Jović\Luka-Jovic,rs SRB,FWMF,Real Madrid,22,1997,1.7,34,41,82.9,475,43,22,23,95.7,9,13,69.2,2,2,100.0,0,0.1,-0.1,2,1,0,0,0
263,Juanmi\Juanmi,es ESP,FWMF,Betis,27,1993,6.7,112,144,77.8,1461,262,76,91,83.5,25,30,83.3,5,11,45.5,0,0.1,-0.1,3,2,2,0,3
264,Vinicius Júnior\Vinicius-Junior,br BRA,FW,Real Madrid,20,2000,21.9,678,822,82.5,9564,2055,435,474,91.8,200,246,81.3,29,52,55.8,3,3.1,-0.1,31,19,31,9,49
265,Jens Jønsson\Jens-Jonsson,dk DEN,MF,Cádiz,27,1993,29.1,536,700,76.6,9604,2290,254,306,83.0,215,275,78.2,58,101,57.4,0,1.7,-1.7,11,35,6,0,46
266,Damian Kądzior\Damian-Kadzior,pl POL,FWMF,Eibar,28,1992,2.2,44,76,57.9,709,214,26,29,89.7,12,19,63.2,5,22,22.7,0,0.0,0.0,1,2,1,1,3
267,Lee Kangin\Lee-Kangin,kr KOR,FWMF,Valencia,19,2001,14.0,442,545,81.1,8476,1953,209,229,91.3,162,187,86.6,64,111,57.7,4,2.5,+1.5,20,47,17,1,63
268,Stephane Keller\Stephane-Keller,cm CMR,DF,Alavés,18,2001,0.2,11,13,84.6,281,66,2,3,66.7,6,6,100.0,3,4,75.0,0,0.0,0.0,0,0,0,0,0
269,Kenedy\Kenedy,br BRA,FWMF,Granada,24,1996,16.3,211,330,63.9,3853,1483,105,125,84.0,65,99,65.7,32,84,38.1,3,2.6,+0.4,17,18,11,5,23
270,Kike\Kike,es ESP,FW,Eibar,30,1989,34.3,623,922,67.6,8937,1137,373,473,78.9,177,276,64.1,38,88,43.2,2,2.1,-0.1,25,30,10,5,31
271,Giorgi Kochorashvili\Giorgi-Kochorashvili,ge GEO,MF,Levante,21,1999,0.3,6,12,50.0,79,21,4,5,80.0,2,3,66.7,0,1,0.0,0,0.0,0.0,1,0,0,0,1
272,Kenan Kodro\Kenan-Kodro,ba BIH,FWMF,Athletic Club,26,1993,0.5,6,8,75.0,124,0,3,3,100.0,2,3,66.7,1,1,100.0,0,0.0,0.0,0,0,0,0,0
273,Kenan Kodro\Kenan-Kodro,ba BIH,FW,Valladolid,26,1993,5.1,82,114,71.9,1170,145,53,71,74.6,18,24,75.0,6,9,66.7,0,0.1,-0.1,4,3,0,0,2
274,Koba Koindredi\Koba-Koindredi,fr FRA,MF,Valencia,18,2001,0.2,9,11,81.8,159,25,3,3,100.0,5,6,83.3,1,2,50.0,0,0.0,0.0,0,1,0,0,0
275,Koke\Koke,es ESP,MF,Atlético Madrid,28,1992,33.6,2162,2464,87.7,38555,10689,1011,1077,93.9,833,923,90.2,263,371,70.9,2,2.6,-0.6,38,215,36,4,217
276,Geoffrey Kondogbia\Geoffrey-Kondogbia,cf CTA,MF,Valencia,27,1993,4.9,161,189,85.2,3833,793,53,60,88.3,70,78,89.7,38,51,74.5,0,0.0,0.0,0,21,0,0,14
277,Geoffrey Kondogbia\Geoffrey-Kondogbia,cf CTA,MFFW,Atlético Madrid,27,1993,6.8,336,388,86.6,6292,1484,150,162,92.6,131,150,87.3,49,64,76.6,0,0.3,-0.3,4,29,4,0,30
278,Youssouf Koné\Youssouf-Kone,ml MLI,DFFW,Elche,25,1995,0.8,24,29,82.8,396,158,13,15,86.7,8,8,100.0,2,5,40.0,0,0.0,0.0,0,0,0,0,1
279,Jules Koundé\Jules-Kounde,fr FRA,DF,Sevilla,21,1998,33.1,2144,2365,90.7,42577,14546,724,769,94.1,1126,1175,95.8,279,385,72.5,1,0.7,+0.3,8,165,11,1,141
280,Toni Kroos\Toni-Kroos,de GER,MF,Real Madrid,30,1990,23.5,1949,2172,89.7,41573,12310,772,807,95.7,727,769,94.5,422,550,76.7,10,6.7,+3.3,66,272,35,3,198
281,Takefusa Kubo\Takefusa-Kubo,jp JPN,MFFW,Villarreal,19,2001,3.3,102,139,73.4,1634,456,51,64,79.7,42,52,80.8,7,17,41.2,0,0.5,-0.5,9,8,6,2,15
282,Takefusa Kubo\Takefusa-Kubo,jp JPN,MFFW,Getafe,19,2001,8.9,150,210,71.4,2296,729,87,105,82.9,49,68,72.1,11,24,45.8,1,0.8,+0.2,9,6,5,0,21
283,Kuki\Kuki,es ESP,MF,Valladolid,22,1998,0.3,8,11,72.7,108,16,5,6,83.3,3,4,75.0,0,1,0.0,1,0.1,+0.9,1,0,0,0,0
284,Víctor Laguardia\Victor-Laguardia,es ESP,DF,Alavés,30,1989,29.2,814,1047,77.7,21332,8784,164,187,87.7,392,442,88.7,251,404,62.1,1,1.0,0.0,5,58,5,0,55
285,Diego Lainez\Diego-Lainez,mx MEX,FW,Betis,20,2000,9.6,284,360,78.9,4053,1111,171,196,87.2,83,101,82.2,15,31,48.4,2,0.9,+1.1,13,15,11,4,31
286,Toni Lato\Toni-Lato,es ESP,DF,Valencia,22,1997,8.1,287,372,77.2,5271,1714,122,138,88.4,135,166,81.3,26,57,45.6,0,0.3,-0.3,3,20,2,2,22
287,Lauti\Lauti,uy URU,MFFW,Celta Vigo,19,2001,0.2,3,3,100.0,30,0,1,1,100.0,1,1,100.0,0,0,,0,0.0,0.0,0,0,0,0,0
288,Robin Le Normand\Robin-Le-Normand,fr FRA,DF,Real Sociedad,23,1996,30.5,1435,1636,87.7,31099,7778,371,405,91.6,803,870,92.3,253,338,74.9,1,0.1,+0.9,1,63,6,1,74
289,Jeremías Ledesma\Jeremias-Ledesma,ar ARG,GK,Cádiz,27,1993,32.0,462,997,46.3,24626,20494,26,30,86.7,68,72,94.4,367,893,41.1,0,0.0,0.0,0,36,0,0,0
290,Florian Lejeune\Florian-Lejeune,fr FRA,DF,Alavés,29,1991,33.5,1116,1387,80.5,28279,10380,242,281,86.1,563,620,90.8,301,462,65.2,1,0.3,+0.7,6,53,2,0,45
291,Iñigo Lekue\Inigo-Lekue,es ESP,DF,Athletic Club,27,1993,7.2,332,418,79.4,6064,2337,151,167,90.4,136,164,82.9,43,73,58.9,0,0.4,-0.4,6,15,9,3,29
292,Thomas Lemar\Thomas-Lemar,fr FRA,MF,Atlético Madrid,24,1995,15.2,661,810,81.6,11628,2973,334,369,90.5,222,268,82.8,89,137,65.0,3,2.0,+1.0,20,61,21,2,68
293,Clément Lenglet\Clement-Lenglet,fr FRA,DF,Barcelona,25,1995,27.5,2129,2293,92.8,40648,13671,819,849,96.5,1039,1086,95.7,253,328,77.1,0,0.9,-0.9,7,215,17,2,134
294,Pedro León\Pedro-Leon,es ESP,MFFW,Eibar,33,1986,10.4,217,370,58.6,3878,1415,103,133,77.4,82,119,68.9,28,90,31.1,2,2.3,-0.3,17,11,17,12,19
295,Sergio León\Sergio-Leon,es ESP,FW,Levante,31,1989,8.3,97,137,70.8,1361,199,60,73,82.2,30,36,83.3,5,14,35.7,0,0.3,-0.3,6,6,3,0,9
296,Diego Llorente\Diego-Llorente,es ESP,DF,Real Sociedad,26,1993,1.0,48,54,88.9,1057,236,12,13,92.3,27,29,93.1,9,12,75.0,0,0.0,0.0,0,1,0,0,1
297,Marcos Llorente\Marcos-Llorente,es ESP,MFDF,Atlético Madrid,25,1995,32.8,1106,1341,82.5,19051,4369,552,618,89.3,398,465,85.6,116,165,70.3,11,5.2,+5.8,42,81,38,14,99
298,Renan Lodi\Renan-Lodi,br BRA,DF,Atlético Madrid,22,1998,12.5,589,755,78.0,10980,3269,256,288,88.9,253,306,82.7,68,123,55.3,2,1.1,+0.9,15,23,15,5,38
299,Pedro López Muñoz\Pedro-Lopez-Munoz,es ESP,DF,Huesca,36,1983,11.9,549,671,81.8,10485,3952,234,263,89.0,232,267,86.9,79,123,64.2,1,0.8,+0.2,7,37,13,8,46
300,Adrián López\Adrian-Lopez,es ESP,FWMF,Osasuna,32,1988,5.3,134,184,72.8,1870,417,81,100,81.0,43,61,70.5,6,12,50.0,1,0.8,+0.2,5,10,6,0,17
301,Javi López\Javi-Lopez,es ESP,DFMF,Alavés,18,2002,2.8,113,146,77.4,2187,797,51,59,86.4,44,55,80.0,16,28,57.1,0,0.1,-0.1,3,4,4,2,7
302,Roberto López\Roberto-Lopez,es ESP,MFFW,Real Sociedad,20,2000,5.6,189,249,75.9,3326,918,93,105,88.6,68,87,78.2,24,45,53.3,0,1.7,-1.7,10,22,6,1,22
303,Unai López\Unai-Lopez,es ESP,MF,Athletic Club,24,1995,15.8,845,1006,84.0,18541,4225,288,323,89.2,344,387,88.9,200,267,74.9,0,1.2,-1.2,17,100,17,4,73
304,Anthony Lozano\Anthony-Lozano,hn HON,FWMF,Cádiz,27,1993,16.9,170,278,61.2,2437,659,99,133,74.4,54,90,60.0,9,25,36.0,1,1.0,0.0,10,28,10,2,23
305,Jeison Lucumí\Jeison-Lucumi,co COL,FW,Elche,25,1995,0.5,8,11,72.7,106,2,4,5,80.0,3,3,100.0,0,0,,0,0.0,0.0,0,0,0,0,0
306,José Luis Gayà\Jose-Luis-Gaya,es ESP,DF,Valencia,25,1995,31.6,1184,1515,78.2,23258,7442,425,497,85.5,589,677,87.0,156,295,52.9,7,4.7,+2.3,38,66,38,17,100
307,José Luis Morales\Jose-Luis-Morales,es ESP,FWMF,Levante,33,1987,27.1,508,738,68.8,9027,2257,237,291,81.4,193,270,71.5,63,124,50.8,3,3.6,-0.6,33,38,29,8,53
308,Luisinho\Luisinho,pt POR,DF,Huesca,35,1985,2.0,100,119,84.0,1830,617,46,50,92.0,43,53,81.1,11,14,78.6,0,0.0,0.0,0,5,1,0,8
309,Luismi\Luismi,es ESP,MFDF,Elche,28,1992,1.9,94,109,86.2,2239,518,24,26,92.3,43,49,87.8,25,32,78.1,0,0.0,0.0,0,8,0,0,4
310,Darwin Machís\Darwin-Machis,ve VEN,FWMF,Granada,27,1993,22.5,345,558,61.8,6400,2114,167,215,77.7,111,162,68.5,57,140,40.7,5,4.2,+0.8,26,29,16,10,32
311,Pablo Maffeo\Pablo-Maffeo,es ESP,DF,Huesca,23,1997,21.8,750,1078,69.6,14375,5518,316,373,84.7,317,420,75.5,105,226,46.5,4,2.0,+2.0,17,51,27,15,68
312,Abdallahi Mahmoud\Abdallahi-Mahmoud,mr MTN,MF,Alavés,20,2000,0.7,13,18,72.2,194,61,6,8,75.0,5,6,83.3,1,2,50.0,0,0.0,0.0,1,2,0,0,0
313,Nemanja Maksimović\Nemanja-Maksimovic,rs SRB,MF,Getafe,25,1995,30.3,581,756,76.9,9928,2168,249,298,83.6,216,277,78.0,67,110,60.9,0,1.1,-1.1,19,45,18,7,53
314,Filip Malbašić\Filip-Malbasic,rs SRB,FWMF,Cádiz,27,1992,9.6,96,174,55.2,1619,454,45,66,68.2,40,62,64.5,8,24,33.3,1,0.0,+1.0,1,9,4,2,14
315,Hugo Mallo\Hugo-Mallo,es ESP,DF,Celta Vigo,29,1991,28.9,1339,1741,76.9,23283,9748,656,741,88.5,537,680,79.0,128,261,49.0,1,2.3,-1.3,15,79,27,10,128
316,Mickael Malsa\Mickael-Malsa,mq MTQ,MF,Levante,24,1995,26.0,1171,1365,85.8,22976,5968,460,499,92.2,523,589,88.8,176,249,70.7,0,0.4,-0.4,11,107,9,1,111
317,Aïssa Mandi\Aissa-Mandi,dz ALG,DF,Betis,28,1991,26.6,1378,1496,92.1,31221,10170,361,384,94.0,690,726,95.0,317,368,86.1,1,0.1,+0.9,3,48,2,0,55
318,Eliaquim Mangala\Eliaquim-Mangala,fr FRA,DF,Valencia,29,1991,3.6,73,105,69.5,1378,452,27,34,79.4,38,46,82.6,7,19,36.8,0,0.0,0.0,0,3,0,0,2
319,Maranhão\Maranhao,br BRA,FW,Valladolid,23,1996,13.1,132,214,61.7,2134,431,73,102,71.6,38,68,55.9,14,22,63.6,1,0.6,+0.4,6,10,0,0,13
320,Marcelo\Marcelo,br BRA,DF,Real Madrid,32,1988,11.7,705,870,81.0,11888,4052,382,425,89.9,242,278,87.1,66,132,50.0,2,1.2,+0.8,16,76,25,9,81
321,Iván Marcone\Ivan-Marcone,ar ARG,MF,Elche,30,1990,29.4,1326,1529,86.7,26999,6512,461,521,88.5,618,672,92.0,222,286,77.6,0,0.6,-0.6,12,103,6,2,97
322,Óscar de Marcos\Oscar-de-Marcos,es ESP,DFMF,Athletic Club,31,1989,16.9,583,764,76.3,10366,3705,291,347,83.9,222,283,78.4,68,107,63.6,2,1.8,+0.2,12,40,15,6,48
323,José Mari\Jose-Mari,es ESP,MF,Cádiz,32,1987,16.1,335,472,71.0,7234,1810,129,159,81.1,127,161,78.9,75,136,55.1,0,0.4,-0.4,7,35,3,0,24
324,José María Giménez\Jose-Maria-Gimenez,uy URU,DF,Atlético Madrid,25,1995,19.6,967,1094,88.4,21958,6643,258,279,92.5,478,504,94.8,218,288,75.7,0,0.2,-0.2,3,51,3,0,55
325,Mariano\Mariano,do DOM,FW,Real Madrid,26,1993,5.7,78,104,75.0,1113,167,47,57,82.5,20,24,83.3,6,11,54.5,0,0.2,-0.2,2,3,3,0,7
326,Adrián Marín\Adrian-Marin,es ESP,DFMF,Alavés,23,1997,1.0,40,54,74.1,805,411,15,19,78.9,20,20,100.0,5,13,38.5,0,0.5,-0.5,2,3,1,0,10
327,Adrián Marín\Adrian-Marin,es ESP,DFFW,Granada,23,1997,3.0,85,123,69.1,1806,1066,32,35,91.4,37,55,67.3,15,30,50.0,1,0.1,+0.9,2,10,2,1,15
328,Roger Martí\Roger-Marti,es ESP,FW,Levante,29,1991,24.4,361,523,69.0,5538,1191,209,263,79.5,106,160,66.3,28,50,56.0,4,2.5,+1.5,16,29,13,0,42
329,Aarón Martín\Aaron-Martin,es ESP,DF,Celta Vigo,23,1997,17.1,691,862,80.2,11795,3781,335,366,91.5,281,341,82.4,59,120,49.2,3,1.2,+1.8,7,31,9,4,45
330,Álex Martín\Alex-Martin,es ESP,DF,Cádiz,22,1998,1.1,28,38,73.7,626,252,7,8,87.5,16,16,100.0,5,13,38.5,0,0.0,0.0,0,2,0,0,4
331,Iñigo Martínez\Inigo-Martinez,es ESP,DF,Athletic Club,29,1991,28.0,1193,1427,83.6,28689,9735,258,283,91.2,636,688,92.4,291,431,67.5,0,0.6,-0.6,5,112,4,0,89
332,Javi Martínez\Javi-Martinez,es ESP,MFFW,Osasuna,20,1999,5.1,108,159,67.9,1911,438,60,79,75.9,31,51,60.8,14,21,66.7,1,0.5,+0.5,6,8,3,1,11
333,Marvin\Marvin,es ESP,DFFW,Real Madrid,20,2000,1.5,69,81,85.2,1078,318,39,42,92.9,25,28,89.3,4,9,44.4,1,0.2,+0.8,2,3,1,0,9
334,Jordi Masip\Jordi-Masip,es ESP,GK,Valladolid,31,1989,25.0,417,800,52.1,16216,11856,41,42,97.6,157,157,100.0,218,600,36.3,0,0.0,0.0,0,15,0,0,0
335,Jaime Mata\Jaime-Mata,es ESP,FW,Getafe,31,1988,22.6,395,597,66.2,5333,1097,250,333,75.1,99,149,66.4,24,53,45.3,0,1.2,-1.2,14,19,10,3,30
336,Borja Mayoral\Borja-Mayoral,es ESP,FW,Real Madrid,23,1997,0.3,3,5,60.0,55,0,1,1,100.0,2,3,66.7,0,1,0.0,0,0.0,0.0,0,0,0,0,0
337,Gonzalo Melero\Gonzalo-Melero,es ESP,MFFW,Levante,26,1994,20.6,934,1048,89.1,15644,3772,461,506,91.1,377,404,93.3,76,99,76.8,1,1.7,-0.7,19,90,11,1,88
338,Brais Méndez\Brais-Mendez,es ESP,MFFW,Celta Vigo,23,1997,29.7,936,1188,78.8,14932,4065,509,590,86.3,315,390,80.8,80,131,61.1,0,2.0,-2.0,19,69,33,5,101
339,Édgar Méndez\Edgar-Mendez,es ESP,MFFW,Alavés,30,1990,23.2,286,499,57.3,5178,1623,137,193,71.0,101,175,57.7,39,89,43.8,1,1.4,-0.4,20,12,19,11,30
340,Eñaut Mendía\Enaut-Mendia,es ESP,FW,Eibar,21,1999,0.7,5,11,45.5,100,34,2,4,50.0,3,5,60.0,0,1,0.0,0,0.0,0.0,0,0,0,0,0
341,Ferland Mendy\Ferland-Mendy,fr FRA,DF,Real Madrid,25,1995,24.5,1324,1475,89.8,21550,6077,718,756,95.0,476,523,91.0,109,148,73.6,0,1.7,-1.7,20,52,26,6,77
342,Mikel Merino\Mikel-Merino,es ESP,MF,Real Sociedad,24,1996,23.9,922,1210,76.2,16605,5367,410,506,81.0,366,443,82.6,113,194,58.2,4,2.1,+1.9,21,140,32,1,140
343,Martín Merquelanz\Martin-Merquelanz,es ESP,FWMF,Real Sociedad,25,1995,6.1,173,256,67.6,3112,760,82,98,83.7,64,88,72.7,22,49,44.9,1,1.8,-0.8,10,8,5,0,13
344,Roque Mesa\Roque-Mesa,es ESP,MF,Valladolid,31,1989,19.6,741,941,78.7,14487,3800,306,334,91.6,309,369,83.7,110,196,56.1,0,1.1,-1.1,16,100,16,3,88
345,Lionel Messi\Lionel-Messi,ar ARG,FWMF,Barcelona,33,1987,33.6,1990,2418,82.3,32119,10445,1136,1266,89.7,635,739,85.9,180,311,57.9,9,10.8,-1.8,77,259,145,11,317
346,Omenuke Mfulu\Omenuke-Mfulu,cd COD,MF,Elche,26,1994,8.8,299,337,88.7,5610,968,121,134,90.3,135,141,95.7,36,45,80.0,0,0.0,0.0,1,15,0,0,17
347,Míchel\Michel,es ESP,MF,Valladolid,32,1988,10.5,528,662,79.8,10261,2593,210,236,89.0,225,256,87.9,83,151,55.0,0,0.8,-0.8,12,40,4,1,40
348,Éder Militão\Eder-Militao,br BRA,DF,Real Madrid,22,1998,12.6,695,768,90.5,15764,4289,187,199,94.0,348,362,96.1,154,195,79.0,0,0.0,0.0,0,29,1,1,24
349,Luis Milla\Luis-Milla,es ESP,MF,Granada,25,1994,13.9,416,535,77.8,8696,2524,152,168,90.5,179,210,85.2,77,137,56.2,1,2.1,-1.1,20,38,13,1,40
350,Pere Milla\Pere-Milla,es ESP,FWMF,Elche,27,1992,22.0,424,577,73.5,6344,1133,262,318,82.4,118,160,73.8,31,56,55.4,3,1.7,+1.3,13,27,6,0,26
351,Alejandro Millán\Alejandro-Millan,es ESP,FW,Villarreal,20,1999,0.0,0,1,0.0,0,0,0,0,,0,1,0.0,0,0,,0,0.0,0.0,0,0,0,0,0
352,Santi Mina\Santi-Mina,es ESP,FW,Celta Vigo,24,1995,26.8,455,614,74.1,6191,1096,285,359,79.4,102,148,68.9,29,45,64.4,3,1.5,+1.5,12,18,5,1,28
353,Óscar Mingueza\Oscar-Mingueza,es ESP,DF,Barcelona,21,1999,21.1,1550,1686,91.9,26273,7559,723,756,95.6,697,736,94.7,107,153,69.9,2,1.0,+1.0,8,118,12,2,58
354,Rafa Mir\Rafa-Mir,es ESP,FW,Huesca,23,1997,32.0,280,472,59.3,4553,1132,150,213,70.4,94,165,57.0,22,49,44.9,1,1.8,-0.8,11,20,7,1,33
355,Jorge Miramón\Jorge-Miramon,es ESP,DF,Levante,31,1989,19.2,824,1053,78.3,15669,6694,351,398,88.2,363,425,85.4,103,194,53.1,3,1.3,+1.7,14,52,31,15,85
356,Juan Miranda\Juan-Miranda,es ESP,DF,Betis,20,2000,18.4,701,935,75.0,11958,5314,356,396,89.9,263,349,75.4,67,153,43.8,2,1.3,+0.7,13,58,16,9,58
357,Luka Modrić\Luka-Modric,hr CRO,MF,Real Madrid,34,1985,30.4,2005,2308,86.9,38313,10980,931,1014,91.8,720,805,89.4,324,413,78.5,3,4.1,-1.1,49,231,62,7,219
358,Johan Mojica\Johan-Mojica,co COL,DF,Elche,27,1992,13.4,519,708,73.3,9655,4870,229,264,86.7,213,265,80.4,69,150,46.0,0,0.8,-0.8,10,30,14,10,44
359,Guillem Molina\Guillem-Molina,es ESP,DF,Valencia,20,2000,1.7,56,70,80.0,1012,301,22,26,84.6,32,38,84.2,2,4,50.0,0,0.0,0.0,0,0,0,0,1
360,Jorge Molina\Jorge-Molina,es ESP,FWMF,Granada,38,1982,17.9,294,471,62.4,4509,1329,178,243,73.3,87,149,58.4,22,38,57.9,2,2.2,-0.2,21,36,17,1,51
361,Victor Mollejo\Victor-Mollejo,es ESP,MFDF,Getafe,19,2001,0.8,24,34,70.6,322,75,16,18,88.9,7,13,53.8,1,1,100.0,0,0.1,-0.1,2,1,0,0,1
362,Jon Moncayola\Jon-Moncayola,es ESP,MF,Osasuna,22,1998,29.6,935,1141,81.9,19875,4665,326,374,87.2,423,492,86.0,176,246,71.5,0,1.3,-1.3,16,94,13,5,77
363,Nacho Monreal\Nacho-Monreal,es ESP,DF,Real Sociedad,34,1986,23.1,981,1212,80.9,16601,6468,478,532,89.8,417,485,86.0,71,144,49.3,1,1.2,-0.2,10,41,14,4,60
364,Ángel Montoro\Angel-Montoro,es ESP,MF,Granada,32,1988,15.1,518,745,69.5,12790,4186,163,200,81.5,209,259,80.7,141,255,55.3,1,1.6,-0.6,22,78,19,8,71
365,Martín Montoya\Martin-Montoya,es ESP,DF,Betis,29,1991,2.7,125,163,76.7,1984,606,72,81,88.9,39,54,72.2,11,19,57.9,0,0.3,-0.3,4,9,2,2,10
366,Emre Mor\Emre-Mor,tr TUR,FWMF,Celta Vigo,23,1997,5.6,95,124,76.6,1509,242,53,66,80.3,32,38,84.2,8,14,57.1,0,0.2,-0.2,2,5,3,1,5
367,Jon Morcillo\Jon-Morcillo,es ESP,MFFW,Athletic Club,21,1998,15.1,319,518,61.6,6129,2356,143,180,79.4,124,178,69.7,47,131,35.9,2,2.9,-0.9,25,20,18,9,45
368,Alberto Moreno\Alberto-Moreno,es ESP,DF,Villarreal,28,1992,2.1,84,100,84.0,1482,380,44,48,91.7,31,32,96.9,9,17,52.9,0,0.0,0.0,0,4,1,0,3
369,Álex Moreno\Alex-Moreno,es ESP,DF,Betis,27,1993,19.8,907,1159,78.3,14873,5343,467,517,90.3,351,430,81.6,68,158,43.0,2,2.1,-0.1,17,42,16,8,52
370,Gerard Moreno\Gerard-Moreno,es ESP,FWMF,Villarreal,28,1992,29.7,771,1122,68.7,14613,3527,341,449,75.9,292,403,72.5,122,189,64.6,7,7.6,-0.6,43,78,46,9,110
371,Tete Morente\Tete-Morente,es ESP,MFFW,Elche,23,1996,22.4,557,742,75.1,9323,2299,304,344,88.4,183,228,80.3,54,110,49.1,5,2.4,+2.6,15,26,21,12,37
372,Loren Morón\Loren-Moron,es ESP,FWMF,Betis,26,1993,11.0,136,194,70.1,2170,648,81,97,83.5,33,58,56.9,16,25,64.0,0,0.4,-0.4,6,14,4,1,21
373,Pedro Mosquera\Pedro-Mosquera,es ESP,MF,Huesca,32,1988,22.8,1040,1211,85.9,21105,5356,404,447,90.4,450,499,90.2,174,238,73.1,0,0.6,-0.6,14,95,10,1,91
374,Javi Moyano\Javi-Moyano,es ESP,DF,Valladolid,34,1986,1.1,28,41,68.3,585,248,10,15,66.7,14,16,87.5,4,9,44.4,0,0.0,0.0,0,1,0,0,4
375,Iker Muniain\Iker-Muniain,es ESP,MFFW,Athletic Club,27,1992,21.6,860,1051,81.8,14991,4461,431,475,90.7,306,371,82.5,105,164,64.0,3,3.0,0.0,36,93,42,4,117
376,Aihen Muñoz\Aihen-Munoz,es ESP,DF,Real Sociedad,22,1997,13.4,510,748,68.2,10133,4237,188,220,85.5,243,324,75.0,73,173,42.2,1,0.6,+0.4,7,36,12,7,40
377,Joaquín Muñoz\Joaquin-Munoz,es ESP,FW,Huesca,21,1999,0.5,12,19,63.2,146,33,8,13,61.5,4,5,80.0,0,0,,0,0.0,0.0,1,1,0,0,0
378,Jeison Murillo\Jeison-Murillo,co COL,DF,Celta Vigo,28,1992,30.0,1427,1586,90.0,33639,8095,269,294,91.5,817,871,93.8,332,406,81.8,0,0.2,-0.2,2,49,2,0,43
379,Yunus Musah\Yunus-Musah,us USA,MF,Valencia,17,2002,17.0,331,443,74.7,5194,872,185,221,83.7,114,153,74.5,21,40,52.5,0,0.8,-0.8,9,10,13,3,17
380,Yoshinori Mutō\Yoshinori-Muto,jp JPN,FWMF,Eibar,28,1992,12.5,163,241,67.6,2121,481,104,137,75.9,47,68,69.1,5,12,41.7,1,1.1,-0.1,11,9,3,0,14
381,Nacho\Nacho,es ESP,DF,Real Madrid,30,1990,22.2,1124,1239,90.7,22045,7236,428,455,94.1,516,542,95.2,167,218,76.6,0,0.4,-0.4,4,72,4,1,55
382,Nacho\Nacho,es ESP,DF,Valladolid,31,1989,20.1,760,1053,72.2,14932,6919,304,343,88.6,349,431,81.0,97,231,42.0,1,1.6,-0.6,23,65,18,8,70
383,Nano\Nano,es ESP,FWMF,Cádiz,25,1995,0.1,1,3,33.3,21,3,0,2,0.0,1,1,100.0,0,0,,0,0.0,0.0,0,0,0,0,0
384,Roberto Navarro\Roberto-Navarro,es ESP,MF,Real Sociedad,18,2002,0.4,17,22,77.3,283,83,10,10,100.0,5,6,83.3,2,5,40.0,0,0.0,0.0,1,1,0,0,3
385,Ximo Navarro\Ximo-Navarro,es ESP,DF,Alavés,30,1990,26.4,810,1056,76.7,16052,6372,285,344,82.8,388,480,80.8,122,194,62.9,1,1.0,0.0,10,49,10,6,59
386,Jesús Navas\Jesus-Navas,es ESP,DF,Sevilla,34,1985,31.4,1676,2102,79.7,30805,9475,765,837,91.4,667,802,83.2,218,373,58.4,6,5.3,+0.7,63,84,84,40,147
387,Raúl Navas\Raul-Navas,es ESP,DF,Osasuna,32,1988,1.9,45,58,77.6,1119,454,14,16,87.5,16,18,88.9,14,23,60.9,0,0.0,0.0,1,3,0,0,5
388,Álvaro Negredo\Alvaro-Negredo,es ESP,FW,Cádiz,34,1985,24.4,332,572,58.0,5483,1187,187,277,67.5,86,161,53.4,43,87,49.4,4,3.6,+0.4,18,36,14,0,35
389,Neto\Neto,br BRA,GK,Barcelona,31,1989,7.0,210,239,87.9,4742,2390,54,54,100.0,105,106,99.1,48,75,64.0,0,0.0,0.0,0,1,0,0,0
390,Carlos Neva\Carlos-Neva,es ESP,DF,Granada,24,1996,20.0,442,621,71.2,7941,3516,190,210,90.5,206,277,74.4,40,90,44.4,0,0.1,-0.1,5,27,6,5,22
391,Mamor Niang\Mamor-Niang,sn SEN,FWMF,Getafe,18,2002,0.2,4,5,80.0,36,1,4,4,100.0,0,0,,0,0,,0,0.0,0.0,0,0,0,0,0
392,Nieto\Nieto,es ESP,FWMF,Cádiz,22,1998,0.2,5,6,83.3,75,14,2,2,100.0,1,1,100.0,1,1,100.0,0,0.0,0.0,0,0,0,0,0
393,Saúl Ñíguez\Saul-Niguez,es ESP,MFDF,Atlético Madrid,25,1994,22.6,995,1189,83.7,15777,3923,525,592,88.7,368,441,83.4,70,99,70.7,1,2.0,-1.0,25,69,25,4,73
394,Nino\Nino,es ESP,FWMF,Elche,40,1980,3.2,107,123,87.0,1690,236,64,69,92.8,31,35,88.6,10,15,66.7,0,0.8,-0.8,2,8,1,0,6
395,Fernando Niño\Fernando-Nino,es ESP,FW,Villarreal,19,2000,6.6,99,131,75.6,1476,192,52,64,81.3,31,37,83.8,7,10,70.0,0,0.2,-0.2,4,4,4,0,6
396,Nolito\Nolito,es ESP,MFFW,Celta Vigo,33,1986,28.9,739,1005,73.5,13490,4386,342,409,83.6,284,367,77.4,100,182,54.9,5,5.8,-0.8,34,63,40,3,121
397,Unai Núñez\Unai-Nunez,es ESP,DF,Athletic Club,23,1997,23.4,987,1154,85.5,24941,7760,195,214,91.1,506,551,91.8,282,378,74.6,1,0.7,+0.3,5,65,2,0,55
398,Kelechi Nwakali\Kelechi-Nwakali,ng NGA,MFFW,Huesca,22,1998,1.6,70,81,86.4,1403,321,27,29,93.1,35,38,92.1,8,13,61.5,0,0.0,0.0,1,4,0,0,7
399,Allan Nyom\Allan-Nyom,cm CMR,MFDF,Getafe,32,1988,25.8,592,902,65.6,11136,4718,281,344,81.7,225,315,71.4,81,205,39.5,2,2.1,-0.1,19,58,27,19,54
400,Jan Oblak\Jan-Oblak,si SVN,GK,Atlético Madrid,27,1993,38.0,642,1003,64.0,23632,15580,72,72,100.0,216,220,98.2,352,708,49.7,0,0.0,0.0,0,12,0,0,0
401,Lucas Ocampos\Lucas-Ocampos,ar ARG,FW,Sevilla,26,1994,29.2,763,999,76.4,12274,3065,402,476,84.5,277,346,80.1,58,104,55.8,4,3.6,+0.4,30,40,25,8,65
402,Álvaro Odriozola\Alvaro-Odriozola,es ESP,DF,Real Madrid,24,1995,9.2,403,466,86.5,6615,1788,205,218,94.0,166,193,86.0,25,38,65.8,0,0.6,-0.6,9,11,13,9,16
403,Shinji Okazaki\Shinji-Okazaki,jp JPN,FW,Huesca,34,1986,12.5,132,173,76.3,1795,316,79,97,81.4,41,54,75.9,4,6,66.7,1,0.3,+0.7,7,9,2,0,9
404,Lucas Olaza\Lucas-Olaza,uy URU,DF,Celta Vigo,26,1994,17.9,774,1003,77.2,13939,5050,336,386,87.0,351,412,85.2,80,172,46.5,2,2.2,-0.2,14,38,16,7,50
405,Lucas Olaza\Lucas-Olaza,uy URU,DF,Valladolid,26,1994,14.0,501,680,73.7,9276,4478,209,232,90.1,227,280,81.1,60,147,40.8,1,1.0,0.0,14,28,14,7,43
406,Christian Oliva\Christian-Oliva,uy URU,MF,Valencia,24,1996,2.2,84,103,81.6,1522,307,37,42,88.1,32,35,91.4,11,18,61.1,2,0.2,+1.8,2,5,1,0,5
407,Kiko Olivas\Kiko-Olivas,es ESP,DFMF,Valladolid,31,1988,2.0,90,103,87.4,1702,690,38,41,92.7,38,40,95.0,12,17,70.6,0,0.0,0.0,0,4,0,0,5
408,Paulo Oliveira\Paulo-Oliveira,pt POR,DF,Eibar,28,1992,29.3,789,1120,70.4,19959,6541,168,202,83.2,376,464,81.0,241,437,55.1,1,0.2,+0.8,2,83,7,0,66
409,Mathías Olivera\Mathias-Olivera,uy URU,DF,Getafe,22,1997,29.0,790,1129,70.0,13517,6313,383,454,84.4,310,433,71.6,81,175,46.3,0,1.7,-1.7,20,61,21,14,81
410,Javier Ontiveros\Javier-Ontiveros,es ESP,FWMF,Huesca,22,1997,10.2,364,471,77.3,6325,2036,191,219,87.2,120,156,76.9,44,78,56.4,1,1.6,-0.6,17,34,13,3,39
411,Fabián Orellana\Fabian-Orellana,cl CHI,MFFW,Valladolid,34,1986,23.8,593,818,72.5,11226,2923,285,340,83.8,201,260,77.3,94,163,57.7,2,4.0,-2.0,30,44,29,11,65
412,Mikel Oyarzabal\Mikel-Oyarzabal,es ESP,FWMF,Real Sociedad,23,1997,26.8,695,992,70.1,12359,3500,356,432,82.4,231,301,76.7,87,195,44.6,8,5.9,+2.1,49,39,40,5,81
413,Fernando Pacheco\Fernando-Pacheco,es ESP,GK,Alavés,28,1992,37.2,751,1081,69.5,28421,19921,121,122,99.2,222,226,98.2,401,726,55.2,0,0.0,0.0,0,21,0,0,0
414,Jon Pacheco\Jon-Pacheco,es ESP,DF,Real Sociedad,19,2001,0.4,47,51,92.2,870,213,16,16,100.0,28,28,100.0,3,6,50.0,0,0.0,0.0,0,7,0,0,4
415,Helibelton Palacios\Helibelton-Palacios,co COL,DF,Elche,27,1993,8.3,244,330,73.9,4486,2143,103,112,92.0,107,132,81.1,30,74,40.5,0,0.1,-0.1,3,16,5,5,14
416,Ante Palaversa\Ante-Palaversa,hr CRO,MFFW,Getafe,20,2000,0.1,8,11,72.7,156,81,3,3,100.0,3,5,60.0,2,3,66.7,0,0.1,-0.1,2,0,0,0,0
417,Daniel Parejo\Daniel-Parejo,es ESP,MF,Villarreal,31,1989,34.6,2435,2753,88.4,48358,14986,991,1072,92.4,1023,1091,93.8,398,531,75.0,5,5.4,-0.4,45,268,51,8,258
418,Thomas Partey\Thomas-Partey,gh GHA,MF,Atlético Madrid,27,1993,2.2,196,220,89.1,4215,1118,66,72,91.7,93,103,90.3,34,41,82.9,0,0.0,0.0,0,26,4,0,34
419,Gabriel Paulista\Gabriel-Paulista,br BRA,DF,Valencia,29,1990,30.2,1339,1507,88.9,30917,11044,308,330,93.3,740,780,94.9,274,368,74.5,1,0.1,+0.9,5,89,4,0,96
420,Alfonso Pedraza\Alfonso-Pedraza,es ESP,DF,Villarreal,24,1996,23.3,963,1211,79.5,16094,4741,473,539,87.8,418,492,85.0,58,114,50.9,2,4.7,-2.7,27,27,34,20,65
421,Pedri\Pedri,es ESP,MF,Barcelona,17,2002,26.8,1514,1729,87.6,25928,4418,733,803,91.3,579,642,90.2,156,197,79.2,3,4.7,-1.7,40,118,39,1,126
422,Facundo Pellistri\Facundo-Pellistri,uy URU,MFFW,Alavés,18,2001,6.0,77,116,66.4,1120,256,48,69,69.6,23,33,69.7,4,5,80.0,0,0.1,-0.1,2,6,4,0,6
423,Rubén Peña\Ruben-Pena,es ESP,DF,Villarreal,29,1991,12.4,454,593,76.6,7777,2741,215,249,86.3,196,246,79.7,34,75,45.3,1,0.4,+0.6,6,25,11,6,34
424,Pepe\Pepe,es ESP,DF,Granada,20,2000,2.8,43,74,58.1,815,312,15,17,88.2,22,36,61.1,5,19,26.3,0,0.0,0.0,0,1,0,0,2
425,Alberto Perea\Alberto-Perea,es ESP,MF,Cádiz,29,1990,17.2,394,528,74.6,6755,2273,210,243,86.4,117,146,80.1,52,100,52.0,3,2.4,+0.6,14,38,12,4,60
426,Iñigo Pérez\Inigo-Perez,es ESP,MFDF,Osasuna,32,1988,15.0,466,661,70.5,8646,3868,209,253,82.6,192,255,75.3,57,120,47.5,0,0.6,-0.6,11,52,7,3,58
427,Juan Pérez\Juan-Perez,es ESP,GK,Osasuna,24,1996,3.0,48,87,55.2,2181,1640,4,4,100.0,15,15,100.0,29,67,43.3,0,0.0,0.0,0,3,0,0,0
428,Kike Pérez\Kike-Perez,es ESP,MF,Valladolid,23,1997,12.9,432,536,80.6,7706,1824,217,251,86.5,146,171,85.4,56,82,68.3,0,1.0,-1.0,14,41,11,1,43
429,Lucas Pérez\Lucas-Perez,es ESP,FW,Alavés,31,1988,19.5,413,668,61.8,8905,3337,157,208,75.5,153,204,75.0,95,219,43.4,4,4.8,-0.8,52,45,20,7,58
430,Luis Pérez\Luis-Perez,es ESP,DF,Valladolid,25,1995,14.4,434,625,69.4,7564,3493,207,239,86.6,178,250,71.2,41,104,39.4,0,0.4,-0.4,7,27,6,6,37
431,Nehuén Pérez\Nehuen-Perez,ar ARG,DF,Granada,20,2000,8.2,150,192,78.1,3614,1004,34,41,82.9,77,86,89.5,39,64,60.9,0,0.0,0.0,0,8,0,0,6
432,Pablo Piatti\Pablo-Piatti,ar ARG,MFFW,Elche,31,1989,4.0,94,129,72.9,1576,347,44,53,83.0,36,47,76.6,9,19,47.4,0,0.3,-0.3,2,9,4,3,7
433,Cristiano Piccini\Cristiano-Piccini,it ITA,DF,Valencia,27,1992,0.7,23,31,74.2,529,200,8,10,80.0,9,10,90.0,6,10,60.0,0,0.0,0.0,0,0,0,0,0
434,Tomás Pina Isla\Tomas-Pina-Isla,es ESP,MF,Alavés,32,1987,28.6,776,931,83.4,13681,3946,350,409,85.6,336,381,88.2,75,104,72.1,1,0.6,+0.4,6,83,6,1,87
435,Yeremi Pino\Yeremi-Pino,es ESP,FWMF,Villarreal,17,2002,8.9,248,313,79.2,3812,887,139,161,86.3,80,100,80.0,20,28,71.4,1,0.9,+0.1,8,15,11,1,29
436,Gerard Piqué\Gerard-Pique,es ESP,DF,Barcelona,33,1987,16.5,1173,1247,94.1,24743,6069,321,340,94.4,666,690,96.5,173,197,87.8,0,0.5,-0.5,2,82,1,0,35
437,Miralem Pjanić\Miralem-Pjanic,ba BIH,MF,Barcelona,30,1990,7.0,694,761,91.2,11380,2866,335,351,95.4,301,320,94.1,44,63,69.8,0,1.0,-1.0,13,55,16,0,59
438,Óscar Plano\Oscar-Plano,es ESP,MFFW,Valladolid,29,1991,28.0,636,860,74.0,10290,2908,334,414,80.7,225,285,78.9,54,107,50.5,5,1.6,+3.4,20,71,17,6,68
439,Dani Plomer\Dani-Plomer,es ESP,FW,Granada,21,1998,0.5,3,3,100.0,43,0,2,2,100.0,1,1,100.0,0,0,,0,0.0,0.0,0,0,0,0,0
440,Jorge Pombo\Jorge-Pombo,es ESP,FWMF,Cádiz,26,1994,5.8,139,181,76.8,2662,699,64,71,90.1,53,64,82.8,21,44,47.7,0,0.4,-0.4,7,12,6,0,18
441,Pere Pons\Pere-Pons,es ESP,MF,Alavés,27,1993,13.2,287,372,77.2,4484,1086,162,184,88.0,90,115,78.3,25,51,49.0,0,1.5,-1.5,10,19,6,3,22
442,Francisco Portillo\Francisco-Portillo,es ESP,MFFW,Getafe,30,1990,4.6,204,274,74.5,3265,1127,112,128,87.5,71,91,78.0,17,32,53.1,1,0.5,+0.5,5,27,7,2,28
443,Portu\Portu,es ESP,FWMF,Real Sociedad,28,1992,24.3,398,584,68.2,5784,1503,225,292,77.1,141,194,72.7,14,46,30.4,3,5.1,-2.1,29,10,19,5,37
444,Sergio Postigo\Sergio-Postigo,es ESP,DF,Levante,31,1988,18.0,705,825,85.5,16002,6280,178,187,95.2,361,387,93.3,161,240,67.1,0,0.0,0.0,1,58,2,0,53
445,Darío Poveda\Dario-Poveda,es ESP,FW,Getafe,23,1997,0.1,2,5,40.0,31,3,1,1,100.0,1,3,33.3,0,0,,0,0.0,0.0,0,0,0,0,0
446,Alejandro Pozo Pozo\Alejandro-Pozo-Pozo,es ESP,DFMF,Eibar,21,1999,24.3,825,1141,72.3,15584,6543,375,430,87.2,320,399,80.2,117,265,44.2,0,0.8,-0.8,9,88,23,9,85
447,Antonio Puertas\Antonio-Puertas,es ESP,FWMF,Granada,28,1992,24.1,441,668,66.0,6798,1758,253,319,79.3,141,211,66.8,32,83,38.6,5,1.9,+3.1,16,29,18,3,50
448,Riqui Puig\Riqui-Puig,es ESP,MF,Barcelona,20,1999,3.2,318,349,91.1,5428,1015,169,182,92.9,104,114,91.2,39,46,84.8,0,0.2,-0.2,5,25,4,0,21
449,Jorge Pulido\Jorge-Pulido,es ESP,DF,Huesca,29,1991,32.1,1374,1627,84.4,30864,8913,327,362,90.3,769,837,91.9,269,401,67.1,0,0.5,-0.5,5,84,9,0,76
450,Domingos Quina\Domingos-Quina,pt POR,MF,Granada,20,1999,3.8,73,96,76.0,1235,204,41,49,83.7,20,29,69.0,10,11,90.9,0,0.1,-0.1,5,5,2,0,7
451,Quini\Quini,es ESP,DF,Granada,30,1989,13.2,361,509,70.9,6234,2386,179,217,82.5,145,189,76.7,31,78,39.7,0,0.3,-0.3,4,25,7,4,21
452,Quique\Quique,es ESP,FWMF,Eibar,30,1990,1.9,35,51,68.6,558,65,22,29,75.9,10,16,62.5,3,4,75.0,0,0.0,0.0,0,2,1,0,2
453,Dani Raba\Dani-Raba,es ESP,MF,Villarreal,24,1995,1.7,65,81,80.2,1241,296,27,31,87.1,21,26,80.8,13,20,65.0,0,0.1,-0.1,2,4,3,1,9
454,Uroš Račić\Uros-Racic,rs SRB,MF,Valencia,22,1998,24.3,867,1078,80.4,18552,3912,299,372,80.4,384,448,85.7,173,225,76.9,1,0.4,+0.6,8,105,8,1,84
455,Nemanja Radoja\Nemanja-Radoja,rs SRB,MF,Levante,27,1993,12.5,603,683,88.3,11543,2491,245,273,89.7,263,286,92.0,85,109,78.0,2,0.3,+1.7,3,43,8,2,52
456,Ivan Rakitić\Ivan-Rakitic,hr CRO,MF,Sevilla,32,1988,24.8,1490,1699,87.7,29399,6871,625,670,93.3,614,679,90.4,222,301,73.8,2,1.3,+0.7,21,162,11,1,121
457,Jonás Ramalho\Jonas-Ramalho,es ESP,DF,Osasuna,27,1993,3.4,101,132,76.5,1973,920,40,45,88.9,47,59,79.7,12,25,48.0,0,0.0,0.0,1,10,3,1,8
458,Sandro Ramírez\Sandro-Ramirez,es ESP,FWMF,Huesca,25,1995,14.3,247,325,76.0,4371,854,121,148,81.8,81,107,75.7,32,41,78.0,1,0.4,+0.6,10,14,6,3,20
459,Sergio Ramos\Sergio-Ramos,es ESP,DF,Real Madrid,34,1986,14.2,1023,1114,91.8,23732,7702,279,299,93.3,489,513,95.3,250,285,87.7,0,0.2,-0.2,4,106,2,1,61
460,Recio\Recio,es ESP,MF,Eibar,29,1991,8.2,343,430,79.8,6288,1581,161,181,89.0,126,150,84.0,49,82,59.8,0,0.7,-0.7,13,30,6,3,24
461,Francisco Reis Ferreira\Francisco-Reis-Ferreira,pt POR,DF,Valencia,23,1997,2.0,67,76,88.2,1613,554,16,16,100.0,35,39,89.7,16,19,84.2,0,0.0,0.0,0,3,0,0,4
462,Karim Rekik\Karim-Rekik,nl NED,DF,Sevilla,25,1994,7.3,435,490,88.8,7610,2368,188,202,93.1,216,238,90.8,29,47,61.7,0,0.1,-0.1,3,24,5,1,24
463,Álex Remiro\Alex-Remiro,es ESP,GK,Real Sociedad,25,1995,38.0,855,1203,71.1,26319,16478,146,149,98.0,377,383,98.4,331,669,49.5,0,0.0,0.0,0,12,0,0,1
464,Oriol Rey\Oriol-Rey,es ESP,MF,Valladolid,22,1998,0.2,11,13,84.6,270,77,1,2,50.0,7,8,87.5,3,3,100.0,0,0.0,0.0,0,2,0,0,1
465,Ricard\Ricard,es ESP,DF,Atlético Madrid,20,2000,0.3,14,20,70.0,292,161,5,6,83.3,7,10,70.0,2,3,66.7,0,0.0,0.0,0,1,2,2,0
466,Mikel Rico\Mikel-Rico,es ESP,MF,Huesca,35,1984,24.3,704,901,78.1,13549,3011,299,352,84.9,293,343,85.4,104,165,63.0,4,1.5,+2.5,19,52,13,6,64
467,Emiliano Rigoni\Emiliano-Rigoni,ar ARG,MFFW,Elche,27,1993,12.7,303,408,74.3,4897,1031,160,185,86.5,106,120,88.3,25,81,30.9,1,1.9,-0.9,11,13,6,3,18
468,Luis Rioja\Luis-Rioja,es ESP,MF,Alavés,26,1993,23.2,437,652,67.0,7101,2174,230,280,82.1,153,228,67.1,39,90,43.3,2,3.3,-1.3,25,31,17,11,40
469,Rober\Rober,es ESP,DFMF,Levante,25,1995,15.8,726,853,85.1,16095,5178,228,244,93.4,339,372,91.1,152,215,70.7,1,0.7,+0.3,3,54,1,0,58
470,Roberto\Roberto,es ESP,GK,Valladolid,34,1986,13.0,200,411,48.7,8584,6225,14,14,100.0,65,65,100.0,121,332,36.4,0,0.0,0.0,0,3,0,0,0
471,Sergi Roberto\Sergi-Roberto,es ESP,DF,Barcelona,28,1992,10.5,800,887,90.2,12331,3382,436,467,93.4,307,330,93.0,42,56,75.0,2,2.0,0.0,13,53,18,2,44
472,Joel Robles\Joel-Robles,es ESP,GK,Betis,30,1990,18.0,355,565,62.8,11228,7383,80,81,98.8,132,134,98.5,142,349,40.7,0,0.0,0.0,1,6,0,0,1
473,Rubén Rochina\Ruben-Rochina,es ESP,MF,Levante,29,1991,15.6,600,832,72.1,13239,3835,225,266,84.6,220,276,79.7,141,258,54.7,1,2.1,-1.1,16,74,29,6,84
474,Rodrigo\Rodrigo,es ESP,FWMF,Betis,20,2000,6.0,215,254,84.6,3614,881,103,115,89.6,76,89,85.4,24,32,75.0,0,0.5,-0.5,7,14,10,1,22
475,Kévin Rodrigues\Kevin-Rodrigues,pt POR,DFMF,Eibar,26,1994,12.2,376,556,67.6,7164,2717,161,185,87.0,153,212,72.2,56,133,42.1,1,0.7,+0.3,12,36,12,5,46
476,Óscar Rodríguez Arnaiz\Oscar-Rodriguez-Arnaiz,es ESP,MFFW,Sevilla,22,1998,5.7,260,342,76.0,4801,1181,131,149,87.9,90,111,81.1,35,68,51.5,0,0.9,-0.9,11,18,10,3,18
477,Ángel Rodríguez\Angel-Rodriguez,es ESP,FWMF,Getafe,33,1987,15.3,212,318,66.7,3324,339,122,159,76.7,56,90,62.2,24,42,57.1,0,0.5,-0.5,6,10,7,1,10
478,Guido Rodríguez\Guido-Rodriguez,ar ARG,MF,Betis,26,1994,31.8,1408,1653,85.2,27258,6773,570,638,89.3,588,653,90.0,221,299,73.9,0,0.7,-0.7,11,115,9,1,94
479,Miguel Rodríguez\Miguel-Rodriguez,es ESP,FWMF,Celta Vigo,17,2003,0.3,11,16,68.8,218,39,7,9,77.8,2,3,66.7,2,2,100.0,0,0.0,0.0,0,0,0,0,1
480,Víctor Rodríguez\Victor-Rodriguez,es ESP,MF,Elche,31,1989,4.7,296,325,91.1,5417,1177,127,138,92.0,131,136,96.3,35,42,83.3,0,0.6,-0.6,4,26,2,0,21
481,Rodrygo\Rodrygo,br BRA,FW,Real Madrid,19,2001,10.9,340,420,81.0,4761,1273,217,242,89.7,103,123,83.7,13,27,48.1,6,3.0,+3.0,17,19,17,2,36
482,Facundo Roncaglia\Facundo-Roncaglia,ar ARG,DF,Osasuna,33,1987,13.7,390,560,69.6,8553,3760,132,159,83.0,179,234,76.5,76,146,52.1,1,0.1,+0.9,4,35,4,0,46
483,Rubén\Ruben,es ESP,GKMF,Osasuna,36,1984,2.1,40,61,65.6,2198,1912,3,3,100.0,4,4,100.0,33,54,61.1,0,0.0,0.0,0,3,0,0,0
484,Waldo Rubio\Waldo-Rubio,es ESP,FW,Valladolid,24,1995,4.2,82,121,67.8,1805,601,31,38,81.6,36,45,80.0,14,27,51.9,0,0.1,-0.1,1,14,3,1,10
485,Aitor Ruibal\Aitor-Ruibal,es ESP,FWMF,Betis,24,1996,17.7,426,563,75.7,6432,2150,242,286,84.6,144,182,79.1,28,48,58.3,2,2.4,-0.4,23,36,22,4,51
486,Isma Ruiz\Isma-Ruiz,es ESP,MF,Granada,19,2001,0.7,15,21,71.4,298,40,7,11,63.6,4,6,66.7,2,2,100.0,0,0.0,0.0,0,1,0,0,1
487,Víctor Ruiz\Victor-Ruiz,es ESP,DF,Betis,31,1989,24.0,1098,1245,88.2,23228,8269,334,358,93.3,558,594,93.9,193,272,71.0,0,0.1,-0.1,2,52,4,0,67
488,Gerónimo Rulli\Geronimo-Rulli,ar ARG,GK,Villarreal,28,1992,2.0,77,96,80.2,2138,1068,11,11,100.0,38,38,100.0,28,46,60.9,0,0.0,0.0,0,0,0,0,0
489,Modibo Sagnan\Modibo-Sagnan,ml MLI,DF,Real Sociedad,21,1999,6.9,335,386,86.8,7549,1707,78,90,86.7,183,194,94.3,71,90,78.9,0,0.2,-0.2,2,15,2,0,14
490,Borja Sainz\Borja-Sainz,es ESP,MFFW,Alavés,19,2001,5.0,86,112,76.8,1432,330,44,52,84.6,28,37,75.7,11,16,68.8,0,0.4,-0.4,2,6,3,2,10
491,Salvi\Salvi,es ESP,MFFW,Cádiz,29,1991,21.5,327,580,56.4,5515,2157,180,229,78.6,110,183,60.1,33,119,27.7,0,1.2,-1.2,18,12,22,18,24
492,Fede San Emeterio\Fede-San-Emeterio,es ESP,MF,Valladolid,23,1997,16.2,433,552,78.4,7525,1867,210,250,84.0,166,199,83.4,44,77,57.1,0,0.1,-0.1,4,45,2,0,32
493,Antonio Sanabria\Antonio-Sanabria,py PAR,FW,Betis,24,1996,10.4,161,215,74.9,2228,347,97,120,80.8,42,63,66.7,10,13,76.9,0,0.3,-0.3,3,8,2,0,14
494,Oihan Sancet\Oihan-Sancet,es ESP,FWMF,Athletic Club,20,2000,11.5,259,351,73.8,4328,837,137,182,75.3,89,117,76.1,27,35,77.1,2,1.2,+0.8,12,19,8,1,28
495,Juan Sánchez Miño\Juan-Sanchez-Mino,ar ARG,DFMF,Elche,30,1990,5.5,241,286,84.3,4031,989,123,135,91.1,88,103,85.4,23,36,63.9,0,0.0,0.0,1,8,2,2,4
496,Germán Sánchez\German-Sanchez,es ESP,DF,Granada,33,1986,29.3,694,894,77.6,16558,5293,157,173,90.8,358,412,86.9,173,294,58.8,1,0.1,+0.9,1,34,4,0,41
497,Javi Sánchez\Javi-Sanchez,es ESP,DF,Valladolid,23,1997,10.2,295,356,82.9,7341,1809,53,65,81.5,164,178,92.1,74,109,67.9,0,0.1,-0.1,3,17,2,1,20
498,Manuel Sánchez\Manuel-Sanchez,es ESP,DF,Atlético Madrid,19,2000,0.5,24,31,77.4,406,108,12,14,85.7,11,14,78.6,1,2,50.0,1,0.3,+0.7,1,0,0,0,0
499,Manuel Sánchez\Manuel-Sanchez,es ESP,DF,Osasuna,19,2000,10.8,402,546,73.6,7057,3109,194,230,84.3,162,209,77.5,38,84,45.2,4,0.9,+3.1,14,43,15,9,48
500,Oier Sanjurjo\Oier-Sanjurjo,es ESP,MF,Osasuna,34,1986,23.2,573,846,67.7,10330,3533,253,330,76.7,228,318,71.7,73,152,48.0,2,1.8,+0.2,12,58,15,3,77
501,Ivan Šaponjić\Ivan-Saponjic,rs SRB,FW,Cádiz,22,1997,4.3,63,80,78.8,933,126,37,45,82.2,21,27,77.8,4,5,80.0,0,0.0,0.0,0,4,3,0,6
502,Stefan Savić\Stefan-Savic,me MNE,DF,Atlético Madrid,29,1991,32.8,1490,1727,86.3,31948,9406,458,496,92.3,732,790,92.7,280,401,69.8,0,0.2,-0.2,2,123,5,0,74
503,Jaime Seoane\Jaime-Seoane,es ESP,MF,Huesca,23,1997,22.9,677,881,76.8,13558,2637,271,325,83.4,247,292,84.6,132,205,64.4,1,1.2,-0.2,12,55,11,3,45
504,Edgar Sevikyan\Edgar-Sevikyan,ru RUS,MF,Levante,18,2001,0.1,3,5,60.0,35,3,2,3,66.7,1,1,100.0,0,1,0.0,0,0.0,0.0,0,0,0,0,0
505,Sidnei\Sidnei,br BRA,DF,Betis,30,1989,7.7,462,510,90.6,9771,2627,130,134,97.0,254,271,93.7,73,96,76.0,0,0.0,0.0,0,11,1,0,11
506,David Silva\David-Silva,es ESP,MF,Real Sociedad,34,1986,15.5,728,872,83.5,12809,3280,355,404,87.9,268,313,85.6,94,119,79.0,5,4.0,+1.0,29,79,50,1,102
507,Gastón Silva\Gaston-Silva,uy URU,DF,Huesca,26,1994,6.7,282,325,86.8,6022,2032,85,92,92.4,141,152,92.8,53,76,69.7,0,0.0,0.0,1,24,1,0,24
508,Rui Silva\Rui-Silva,pt POR,GK,Granada,26,1994,32.0,591,1075,55.0,23837,17571,70,70,100.0,197,201,98.0,321,800,40.1,0,0.0,0.0,1,31,1,0,0
509,Unai Simón\Unai-Simon,es ESP,GK,Athletic Club,23,1997,37.0,750,1063,70.6,25811,17983,107,107,100.0,293,297,98.7,344,653,52.7,0,0.1,-0.1,1,16,1,0,2
510,Dimitris Siovas\Dimitris-Siovas,gr GRE,DF,Huesca,31,1988,34.1,1515,1830,82.8,33983,9886,369,412,89.6,862,943,91.4,271,452,60.0,0,0.2,-0.2,3,77,1,0,76
511,Antonio Sivera\Antonio-Sivera,es ESP,GK,Alavés,23,1996,0.8,10,22,45.5,361,285,2,2,100.0,3,3,100.0,5,17,29.4,0,0.0,0.0,0,0,0,0,0
512,Rafa Soares\Rafa-Soares,pt POR,DF,Eibar,25,1995,12.6,490,702,69.8,9958,4833,193,222,86.9,213,289,73.7,79,163,48.5,1,1.2,-0.2,14,48,13,10,54
513,Rubén Sobrino\Ruben-Sobrino,es ESP,MFFW,Valencia,28,1992,0.5,17,23,73.9,228,46,12,13,92.3,2,4,50.0,2,3,66.7,0,0.0,0.0,1,0,0,0,0
514,Rubén Sobrino\Ruben-Sobrino,es ESP,FWMF,Cádiz,28,1992,12.4,187,257,72.8,2948,682,100,126,79.4,63,85,74.1,16,27,59.3,0,0.8,-0.8,9,15,3,0,15
515,Augusto Solari\Augusto-Solari,ar ARG,MF,Celta Vigo,28,1992,5.4,145,202,71.8,2348,790,78,97,80.4,44,59,74.6,16,31,51.6,2,1.3,+0.7,10,9,5,3,12
516,Roberto Soldado\Roberto-Soldado,es ESP,FW,Granada,35,1985,16.0,216,347,62.2,3090,417,130,176,73.9,60,99,60.6,14,33,42.4,0,0.7,-0.7,8,13,5,1,12
517,Carlos Soler\Carlos-Soler,es ESP,MF,Valencia,23,1997,30.4,1286,1577,81.5,25704,7113,511,545,93.8,521,580,89.8,220,393,56.0,8,4.6,+3.4,44,158,23,0,126
518,Son\Son,es ESP,DF,Levante,26,1994,12.3,485,637,76.1,9205,3330,206,245,84.1,206,243,84.8,65,115,56.5,0,1.2,-1.2,18,27,28,15,70
519,David Soria\David-Soria,es ESP,GK,Getafe,27,1993,28.0,401,856,46.8,21010,17595,12,12,100.0,61,61,100.0,326,780,41.8,0,0.1,-0.1,1,54,2,0,0
520,Alberto Soro\Alberto-Soro,es ESP,FWMF,Granada,21,1999,4.4,94,129,72.9,1534,352,52,64,81.3,30,35,85.7,10,24,41.7,2,0.4,+1.6,6,4,5,1,12
521,Hugo Sotelo\Hugo-Sotelo,es ESP,MF,Celta Vigo,16,2003,0.0,0,0,,0,0,0,0,,0,0,,0,0,,0,0.0,0.0,0,0,0,0,0
522,Damián Suárez\Damian-Suarez,uy URU,DF,Getafe,32,1988,27.0,855,1293,66.1,17440,10003,317,390,81.3,393,547,71.8,133,312,42.6,0,0.7,-0.7,18,114,25,13,138
523,Denis Suárez\Denis-Suarez,es ESP,MF,Celta Vigo,26,1994,31.7,1627,2015,80.7,28386,7678,760,848,89.6,662,767,86.3,167,308,54.2,9,5.0,+4.0,42,153,33,4,170
524,Luis Suárez\Luis-Suarez,uy URU,FW,Atlético Madrid,33,1987,27.9,444,603,73.6,6925,1127,264,336,78.6,114,155,73.5,41,58,70.7,3,3.3,-0.3,27,30,23,1,39
525,Suso\Suso,es ESP,FW,Sevilla,26,1993,24.6,991,1218,81.4,18591,4735,469,514,91.2,384,453,84.8,127,209,60.8,4,4.5,-0.5,42,93,54,19,111
526,Tachi\Tachi,es ESP,DF,Alavés,22,1997,9.4,254,347,73.2,6397,2508,53,64,82.8,126,139,90.6,73,137,53.3,0,0.1,-0.1,1,17,0,0,16
527,Renato Tapia\Renato-Tapia,pe PER,MF,Celta Vigo,25,1995,30.0,1297,1570,82.6,26674,5994,477,545,87.5,567,631,89.9,227,339,67.0,1,0.9,+0.1,10,87,8,1,89
528,Tomás Tavares\Tomas-Tavares,pt POR,MFDF,Alavés,19,2001,0.7,18,22,81.8,261,80,11,12,91.7,6,7,85.7,1,2,50.0,0,0.0,0.0,0,0,0,0,0
529,Álvaro Tejero\Alvaro-Tejero,es ESP,DF,Eibar,24,1996,1.2,75,99,75.8,1458,583,30,34,88.2,32,40,80.0,12,23,52.2,0,0.2,-0.2,4,3,5,3,8
530,Cristian Tello\Cristian-Tello,es ESP,FWMF,Betis,28,1991,14.3,391,498,78.5,6635,1798,198,226,87.6,148,189,78.3,40,55,72.7,3,2.7,+0.3,21,19,21,6,44
531,Marc-André ter Stegen\Marc-Andre-ter-Stegen,de GER,GK,Barcelona,28,1992,31.0,921,1035,89.0,24254,14417,171,171,100.0,452,458,98.7,294,402,73.1,0,0.0,0.0,0,2,0,0,1
532,David Timor\David-Timor,es ESP,MFDF,Getafe,30,1989,15.5,390,603,64.7,9679,3496,138,175,78.9,135,194,69.6,109,217,50.2,0,0.9,-0.9,12,65,4,2,58
533,Toño\Tono,es ESP,DF,Levante,30,1989,8.1,334,408,81.9,5378,2172,187,202,92.6,120,138,87.0,24,51,47.1,2,0.4,+1.6,5,19,7,3,34
534,Lucas Torreira\Lucas-Torreira,uy URU,MFFW,Atlético Madrid,24,1996,5.8,286,322,88.8,4769,1287,139,153,90.8,115,125,92.0,24,32,75.0,0,0.6,-0.6,3,23,3,0,24
535,Óliver Torres\Oliver-Torres,es ESP,MFFW,Sevilla,25,1994,15.6,875,1031,84.9,18798,4314,364,393,92.6,301,342,88.0,190,261,72.8,3,1.7,+1.3,28,119,28,7,86
536,Pau Torres\Pau-Torres,es ESP,DF,Villarreal,23,1997,33.0,1822,2042,89.2,40769,13464,521,554,94.0,901,957,94.1,388,503,77.1,2,1.1,+0.9,5,140,3,0,138
537,Roberto Torres\Roberto-Torres,es ESP,MFFW,Osasuna,31,1989,21.0,525,774,67.8,10764,3682,233,290,80.3,185,250,74.0,100,199,50.3,1,1.5,-0.5,19,61,27,9,78
538,Lucas Torró\Lucas-Torro,es ESP,MF,Osasuna,26,1994,17.2,529,675,78.4,9423,2598,242,295,82.0,199,249,79.9,70,102,68.6,1,0.6,+0.4,6,53,3,0,39
539,Manu Trigueros\Manu-Trigueros,es ESP,MF,Villarreal,28,1991,28.1,1397,1625,86.0,25208,6986,636,704,90.3,576,637,90.4,161,234,68.8,6,5.1,+0.9,33,168,47,4,142
540,Francisco Trincão\Francisco-Trincao,pt POR,FWMF,Barcelona,20,1999,7.8,332,393,84.5,4756,924,197,221,89.1,104,116,89.7,17,25,68.0,2,1.0,+1.0,7,12,10,1,24
541,Kieran Trippier\Kieran-Trippier,eng ENG,DF,Atlético Madrid,29,1990,27.5,1437,1812,79.3,26551,11524,661,727,90.9,580,699,83.0,175,325,53.8,6,3.6,+2.4,35,104,63,15,202
542,Samuel Umtiti\Samuel-Umtiti,fr FRA,DF,Barcelona,26,1993,7.2,578,604,95.7,10999,3373,207,214,96.7,319,328,97.3,51,59,86.4,0,0.0,0.0,1,34,0,0,30
543,Enes Ünal\Enes-Unal,tr TUR,FW,Getafe,23,1997,14.6,219,350,62.6,2955,703,131,188,69.7,60,105,57.1,10,22,45.5,2,1.3,+0.7,11,24,3,0,25
544,Tomáš Vaclík\Tomas-Vaclik,cz CZE,GK,Sevilla,31,1989,5.0,120,146,82.2,3043,1600,28,28,100.0,59,61,96.7,32,55,58.2,0,0.0,0.0,0,0,0,0,0
545,Eugeni Valderrama\Eugeni-Valderrama,es ESP,FWMF,Huesca,26,1994,1.3,70,82,85.4,1347,408,24,25,96.0,38,41,92.7,7,13,53.8,0,0.1,-0.1,2,4,0,0,4
546,Jesús Vallejo\Jesus-Vallejo,es ESP,DF,Granada,23,1997,15.0,365,482,75.7,9417,3677,75,95,78.9,177,198,89.4,109,180,60.6,0,0.0,0.0,1,29,3,0,30
547,Manu Vallejo\Manu-Vallejo,es ESP,FW,Valencia,23,1997,10.6,191,255,74.9,3036,712,102,126,81.0,54,68,79.4,21,29,72.4,0,0.3,-0.3,5,14,12,1,27
548,Federico Valverde\Federico-Valverde,uy URU,MF,Real Madrid,22,1998,14.8,692,790,87.6,12579,3024,338,365,92.6,234,266,88.0,95,118,80.5,1,3.2,-2.2,22,69,14,4,57
549,Raphaël Varane\Raphael-Varane,fr FRA,DF,Real Madrid,27,1993,30.2,1588,1743,91.1,36253,9867,370,399,92.7,864,905,95.5,347,417,83.2,0,0.1,-0.1,3,103,1,0,86
550,Denis Vavro\Denis-Vavro,sk SVK,DF,Huesca,24,1996,6.8,235,300,78.3,5338,1704,62,71,87.3,122,133,91.7,49,92,53.3,0,0.1,-0.1,1,22,1,0,15
551,Franco Vázquez\Franco-Vazquez,ar ARG,FWMF,Sevilla,31,1989,1.8,99,113,87.6,1686,356,51,57,89.5,24,26,92.3,17,21,81.0,0,0.2,-0.2,2,5,2,0,8
552,Kevin Vázquez\Kevin-Vazquez,es ESP,DF,Celta Vigo,27,1993,6.2,272,354,76.8,4237,1880,149,170,87.6,102,127,80.3,14,33,42.4,0,0.0,0.0,0,10,2,1,16
553,Lucas Vázquez\Lucas-Vazquez,es ESP,DFFW,Real Madrid,29,1991,20.5,1217,1431,85.0,21574,6470,602,657,91.6,457,515,88.7,136,200,68.0,5,4.3,+0.7,44,81,49,21,97
554,Koke Vegas\Koke-Vegas,es ESP,GK,Levante,24,1995,1.0,19,29,65.5,428,271,7,7,100.0,8,9,88.9,3,12,25.0,0,0.0,0.0,0,0,0,0,0
555,Gabriel Veiga\Gabriel-Veiga,es ESP,MFDF,Celta Vigo,18,2002,1.3,29,36,80.6,433,91,13,17,76.5,10,12,83.3,3,4,75.0,0,0.0,0.0,1,5,1,0,3
556,Unai Vencedor Paris\Unai-Vencedor-Paris,es ESP,MF,Athletic Club,19,2000,18.9,726,911,79.7,16484,4391,208,244,85.2,362,418,86.6,154,228,67.5,0,0.2,-0.2,6,105,8,0,98
557,Gonzalo Verdú\Gonzalo-Verdu,es ESP,DF,Elche,31,1988,32.7,1343,1551,86.6,31917,10811,301,324,92.9,734,765,95.9,303,451,67.2,2,1.4,+0.6,5,64,6,1,60
558,Mikel Vesga\Mikel-Vesga,es ESP,MF,Athletic Club,27,1993,19.1,714,896,79.7,14622,3774,260,311,83.6,307,359,85.5,131,183,71.6,1,1.0,0.0,13,75,9,0,85
559,Rúben Vezo\Ruben-Vezo,pt POR,DF,Levante,26,1994,25.7,1126,1324,85.0,26273,9280,282,313,90.1,577,633,91.2,256,354,72.3,0,0.2,-0.2,4,102,5,0,90
560,Iñigo Vicente\Inigo-Vicente,es ESP,FWMF,Athletic Club,22,1998,0.6,44,61,72.1,911,237,15,18,83.3,20,26,76.9,9,16,56.3,0,0.3,-0.3,4,3,4,1,7
561,Fede Vico\Fede-Vico,es ESP,MFFW,Granada,26,1994,8.5,218,322,67.7,3507,1014,124,148,83.8,66,94,70.2,22,69,31.9,0,1.2,-1.2,9,18,11,4,25
562,Aleix Vidal\Aleix-Vidal,es ESP,DF,Sevilla,30,1989,6.6,432,502,86.1,8081,2795,191,214,89.3,182,200,91.0,53,76,69.7,1,1.0,0.0,7,30,8,3,41
563,Nacho Vidal\Nacho-Vidal,es ESP,DF,Osasuna,25,1995,26.1,716,1007,71.1,13737,6693,287,332,86.4,326,443,73.6,93,190,48.9,0,1.7,-1.7,15,58,19,8,63
564,Toni Villa\Toni-Villa,es ESP,MFFW,Valladolid,25,1995,10.8,292,391,74.7,5001,1806,153,185,82.7,98,126,77.8,33,55,60.0,0,1.3,-1.3,12,28,16,7,51
565,Asier Villalibre\Asier-Villalibre,es ESP,FW,Athletic Club,22,1997,17.7,190,305,62.3,2772,431,115,167,68.9,55,96,57.3,14,23,60.9,2,2.0,0.0,13,8,10,1,16
566,Iván Villar\Ivan-Villar,es ESP,GK,Celta Vigo,23,1997,19.8,405,684,59.2,12423,7986,72,72,100.0,185,188,98.4,144,419,34.4,0,0.0,0.0,0,1,0,0,0
567,Vitolo\Vitolo,es ESP,MFFW,Atlético Madrid,30,1989,3.3,127,154,82.5,1714,417,82,96,85.4,32,36,88.9,5,11,45.5,0,0.2,-0.2,3,6,3,0,12
568,Šime Vrsaljko\Sime-Vrsaljko,hr CRO,DF,Atlético Madrid,28,1992,5.8,211,311,67.8,3661,1503,95,113,84.1,101,142,71.1,14,48,29.2,0,0.0,0.0,0,7,9,2,27
569,Nikola Vukčević\Nikola-Vukcevic,me MNE,MF,Levante,28,1991,9.0,274,318,86.2,5179,1010,116,123,94.3,120,134,89.6,36,55,65.5,0,0.2,-0.2,5,17,2,1,15
570,Daniel Wass\Daniel-Wass,dk DEN,MFDF,Valencia,31,1989,33.1,1267,1641,77.2,22890,8551,563,659,85.4,543,649,83.7,142,277,51.3,1,2.4,-1.4,38,113,24,7,140
571,Shon Weissman\Shon-Weissman,il ISR,FW,Valladolid,24,1996,23.7,262,353,74.2,3360,499,177,212,83.5,62,87,71.3,11,17,64.7,1,1.8,-0.8,17,7,9,0,17
572,Iñaki Williams\Inaki-Williams,es ESP,FW,Athletic Club,26,1994,26.5,394,586,67.2,6095,1108,220,292,75.3,127,185,68.6,30,50,60.0,6,4.8,+1.2,29,16,18,9,28
573,Nico Williams\Nico-Williams,es ESP,MF,Athletic Club,18,2002,0.6,11,20,55.0,175,42,8,12,66.7,2,2,100.0,1,3,33.3,0,0.0,0.0,0,1,0,0,0
574,Jawad El Yamiq\Jawad-El-Yamiq,ma MAR,DF,Valladolid,28,1992,15.3,479,601,79.7,10569,3366,149,170,87.6,218,246,88.6,107,172,62.2,1,0.0,+1.0,1,32,1,0,28
575,Rubén Yáñez\Ruben-Yanez,es ESP,GK,Getafe,26,1993,10.0,161,276,58.3,6964,5070,9,9,100.0,52,52,100.0,100,215,46.5,0,0.0,0.0,0,12,0,0,0
576,Yoel\Yoel,es ESP,GK,Eibar,31,1988,3.3,77,114,67.5,3182,2362,7,8,87.5,18,18,100.0,51,87,58.6,0,0.0,0.0,0,3,0,0,0
577,Okay Yokuşlu\Okay-Yokuslu,tr TUR,MF,Celta Vigo,26,1994,5.1,238,276,86.2,4298,1013,100,110,90.9,102,113,90.3,26,39,66.7,0,0.3,-0.3,4,18,2,0,12
578,Joseba Zaldúa\Joseba-Zaldua,es ESP,DF,Real Sociedad,28,1992,7.1,309,389,79.4,5325,2158,157,177,88.7,115,149,77.2,31,51,60.8,0,0.8,-0.8,7,13,10,7,14
579,Oier Zarraga\Oier-Zarraga,es ESP,MF,Athletic Club,21,1999,1.1,34,43,79.1,679,141,13,15,86.7,14,17,82.4,6,7,85.7,0,0.0,0.0,2,5,1,0,3
580,Igor Zubeldia\Igor-Zubeldia,es ESP,DF,Real Sociedad,23,1997,21.8,1050,1182,88.8,22893,5411,266,294,90.5,577,617,93.5,194,246,78.9,1,0.7,+0.3,6,47,4,2,56
581,Martín Zubimendi\Martin-Zubimendi,es ESP,MF,Real Sociedad,21,1999,20.9,982,1100,89.3,18457,4622,397,429,92.5,441,482,91.5,125,153,81.7,0,0.6,-0.6,6,101,12,0,96
582,Martin Ødegaard\Martin-Odegaard,no NOR,MFFW,Real Madrid,21,1998,2.6,147,175,84.0,2519,515,74,81,91.4,55,63,87.3,15,25,60.0,0,0.4,-0.4,5,16,2,0,9
