Rank,PlayerName,Nationality,Position,Squad,Age,BirthYear,MatchPlayed,GamesStarted,MinutesPlayed,MinutesDividedBy90,Goals,Assists,NonPenalityGoals,PenalityKicksScored,PenalityKicksAttempted,YellowCards,RedCards,GoalsPer90Minutes,AssistsPer90Minutes,GoalsAndAssistsPer90Minutes,NonPenalityGoalsPer90Minutes,NonPenalityGoalsAndAssistsPer90Minutes,ExpectedGoals,ExpectedNonPenalityGoals,ExpectedAssists,ExpectedNonPenalityGoalsAndAssists,ExpectedGoalsPer90Minutes,ExpectedAssistsPer90Minutes,ExpectedGoalsAndAssistsPer90Minutes,ExpectedNonPenalityGoalsPer90Minutes,ExpectedNonPenalityGoalsAndAssistsPer90Minutes
1,Sabit Abdulai\Sabit-Abdulai,gh GHA,MF,Getafe,21,1999,3,0,60,0.7,0,0,0,0,0,1,0,0.00,0.00,0.00,0.00,0.00,0.0,0.0,0.0,0.0,0.00,0.00,0.00,0.00,0.00
2,Marcos Acuña\Marcos-Acuna,ar ARG,DF,Sevilla,28,1991,30,26,2330,25.9,1,2,1,0,0,5,0,0.04,0.08,0.12,0.04,0.12,1.1,1.1,2.8,4.0,0.04,0.11,0.15,0.04,0.15
3,Bobby Adekanye\Bobby-Adekanye,nl NED,FWMF,Cádiz,21,1999,3,0,36,0.4,0,0,0,0,0,0,0,0.00,0.00,0.00,0.00,0.00,0.2,0.2,0.0,0.2,0.43,0.00,0.43,0.43,0.43
4,Martin Agirregabiria\Martin-Agirregabiria,es ESP,DFMF,Alavés,24,1996,26,16,1558,17.3,0,1,0,0,0,1,0,0.00,0.06,0.06,0.00,0.06,0.2,0.2,0.9,1.1,0.01,0.05,0.06,0.01,0.06
5,Joseph Aidoo\Joseph-Aidoo,gh GHA,DF,Celta Vigo,24,1995,25,14,1289,14.3,0,0,0,0,0,3,0,0.00,0.00,0.00,0.00,0.00,0.8,0.8,0.6,1.4,0.06,0.04,0.10,0.06,0.10
6,Carlos Akapo\Carlos-Akapo,gq EQG,DF,Cádiz,27,1993,13,10,865,9.6,1,0,1,0,0,3,1,0.10,0.00,0.10,0.10,0.10,0.4,0.4,0.3,0.6,0.04,0.03,0.07,0.04,0.07
7,Paul Akouokou\Paul-Akouokou,ci CIV,MF,Betis,22,1997,10,4,378,4.2,0,0,0,0,0,5,1,0.00,0.00,0.00,0.00,0.00,0.0,0.0,0.4,0.4,0.00,0.08,0.08,0.00,0.08
8,Jony Álamo\Jony-Alamo,es ESP,MF,Elche,18,2001,1,1,73,0.8,0,0,0,0,0,0,0,0.00,0.00,0.00,0.00,0.00,0.0,0.0,0.0,0.0,0.02,0.00,0.02,0.02,0.02
9,Jordi Alba\Jordi-Alba,es ESP,DF,Barcelona,31,1989,35,34,3025,33.6,3,5,3,0,0,9,0,0.09,0.15,0.24,0.09,0.24,2.4,2.4,7.4,9.8,0.07,0.22,0.29,0.07,0.29
10,Raúl Albiol\Raul-Albiol,es ESP,DF,Villarreal,34,1985,35,35,3115,34.6,0,0,0,0,0,7,0,0.00,0.00,0.00,0.00,0.00,0.6,0.6,1.0,1.6,0.02,0.03,0.05,0.02,0.05
11,Paco Alcácer\Paco-Alcacer,es ESP,FW,Villarreal,26,1993,27,19,1544,17.2,6,4,5,1,2,0,0,0.35,0.23,0.58,0.29,0.52,8.3,6.7,3.2,9.9,0.48,0.19,0.67,0.39,0.58
12,Pedro Alcalá\Pedro-Alcala,es ESP,DF,Cádiz,31,1989,13,8,909,10.1,0,0,0,0,0,2,0,0.00,0.00,0.00,0.00,0.00,0.1,0.1,0.0,0.1,0.01,0.00,0.01,0.01,0.01
13,Rubén Alcaraz\Ruben-Alcaraz,es ESP,MF,Valladolid,29,1991,30,25,2165,24.1,1,0,1,0,0,10,0,0.04,0.00,0.04,0.04,0.04,1.7,1.7,0.6,2.3,0.07,0.03,0.09,0.07,0.09
14,Iván Alejo\Ivan-Alejo,es ESP,MFFW,Cádiz,25,1995,22,6,827,9.2,1,1,1,0,0,5,0,0.11,0.11,0.22,0.11,0.22,1.0,1.0,0.8,1.7,0.11,0.08,0.19,0.11,0.19
15,Carles Aleñá\Carles-Alena,es ESP,MF,Barcelona,22,1998,2,0,48,0.5,0,0,0,0,0,1,0,0.00,0.00,0.00,0.00,0.00,0.0,0.0,0.0,0.0,0.04,0.00,0.04,0.04,0.04
16,Carles Aleñá\Carles-Alena,es ESP,MFFW,Getafe,22,1998,22,15,1366,15.2,2,2,2,0,0,1,0,0.13,0.13,0.26,0.13,0.26,1.9,1.9,2.0,3.9,0.12,0.13,0.26,0.12,0.26
17,Alfon\Alfon,es ESP,MF,Celta Vigo,21,1999,2,0,34,0.4,0,0,0,0,0,0,0,0.00,0.00,0.00,0.00,0.00,0.0,0.0,0.1,0.1,0.13,0.22,0.35,0.13,0.35
18,Sergio Álvarez\Sergio-Alvarez,es ESP,MFDF,Eibar,28,1992,27,17,1568,17.4,0,0,0,0,0,3,0,0.00,0.00,0.00,0.00,0.00,0.3,0.3,0.9,1.2,0.02,0.05,0.07,0.02,0.07
19,Yeray Álvarez\Yeray-Alvarez,es ESP,DF,Athletic Club,25,1995,23,22,1948,21.6,1,0,1,0,0,6,0,0.05,0.00,0.05,0.05,0.05,0.5,0.5,0.4,0.9,0.02,0.02,0.04,0.02,0.04
20,Emmanuel Amankwaa Akurugu\Emmanuel-Amankwaa-Akurugu,gh GHA,DF,Getafe,18,2001,1,0,45,0.5,0,0,0,0,0,0,0,0.00,0.00,0.00,0.00,0.00,0.0,0.0,0.0,0.0,0.00,0.00,0.00,0.00,0.00
21,Jon Ander Garrido\Jon-Ander-Garrido,es ESP,MF,Cádiz,30,1989,23,7,800,8.9,0,0,0,0,0,1,0,0.00,0.00,0.00,0.00,0.00,0.4,0.4,0.1,0.4,0.04,0.01,0.05,0.04,0.05
22,Ángel\Angel,es ESP,GK,Granada,18,2002,1,1,90,1.0,0,0,0,0,0,0,0,0.00,0.00,0.00,0.00,0.00,0.0,0.0,0.0,0.0,0.00,0.00,0.00,0.00,0.00
23,Miguel Ángel Rubio\Miguel-Angel-Rubio,es ESP,DF,Valladolid,22,1998,2,1,135,1.5,0,0,0,0,0,0,0,0.00,0.00,0.00,0.00,0.00,0.0,0.0,0.0,0.0,0.02,0.00,0.02,0.02,0.02
24,José Ángel\Jose-Angel,es ESP,DF,Eibar,30,1989,14,11,901,10.0,0,0,0,0,0,3,0,0.00,0.00,0.00,0.00,0.00,0.0,0.0,0.9,1.0,0.00,0.09,0.10,0.00,0.10
25,José Antonio Miranda\Jose-Antonio-Miranda,gq EQG,MFDF,Getafe,22,1998,4,0,26,0.3,0,0,0,0,0,1,0,0.00,0.00,0.00,0.00,0.00,0.2,0.2,0.0,0.2,0.69,0.00,0.69,0.69,0.69
26,Aritz Arambarri\Aritz-Arambarri,es ESP,DF,Real Sociedad,22,1998,1,0,26,0.3,0,0,0,0,0,0,0,0.00,0.00,0.00,0.00,0.00,0.1,0.1,0.0,0.1,0.50,0.00,0.50,0.50,0.50
27,Mauro Arambarri\Mauro-Arambarri,uy URU,MF,Getafe,24,1995,34,33,2983,33.1,3,0,3,0,0,11,0,0.09,0.00,0.09,0.09,0.09,2.2,2.2,2.1,4.3,0.07,0.06,0.13,0.07,0.13
28,Néstor Araujo\Nestor-Araujo,mx MEX,DF,Celta Vigo,28,1991,33,26,2426,27.0,0,0,0,0,0,5,0,0.00,0.00,0.00,0.00,0.00,0.3,0.3,0.7,1.0,0.01,0.02,0.04,0.01,0.04
29,Ronald Araújo\Ronald-Araujo,uy URU,DF,Barcelona,21,1999,24,16,1510,16.8,2,1,2,0,0,3,0,0.12,0.06,0.18,0.12,0.18,1.6,1.6,0.1,1.7,0.09,0.01,0.10,0.09,0.10
30,Anaitz Arbilla\Anaitz-Arbilla,es ESP,DF,Eibar,33,1987,34,30,2807,31.2,0,1,0,0,0,8,0,0.00,0.03,0.03,0.00,0.03,1.2,1.2,0.9,2.1,0.04,0.03,0.07,0.04,0.07
31,Unai Arietaleanizbeaskoa\Unai-Arietaleanizbeaskoa,es ESP,FWMF,Eibar,21,1999,4,0,47,0.5,0,0,0,0,0,1,0,0.00,0.00,0.00,0.00,0.00,0.0,0.0,0.0,0.0,0.04,0.00,0.04,0.04,0.04
32,Sergio Arribas\Sergio-Arribas,es ESP,FWDF,Real Madrid,18,2001,8,0,135,1.5,0,0,0,0,0,1,0,0.00,0.00,0.00,0.00,0.00,0.0,0.0,0.0,0.1,0.02,0.03,0.05,0.02,0.05
33,Sergio Asenjo\Sergio-Asenjo,es ESP,GK,Villarreal,31,1989,36,36,3240,36.0,0,0,0,0,0,2,0,0.00,0.00,0.00,0.00,0.00,0.0,0.0,0.0,0.0,0.00,0.00,0.00,0.00,0.00
34,Marco Asensio\Marco-Asensio,es ESP,FWMF,Real Madrid,24,1996,35,21,1869,20.8,5,2,5,0,0,1,0,0.24,0.10,0.34,0.24,0.34,4.9,4.9,3.0,7.9,0.23,0.15,0.38,0.23,0.38
35,Iago Aspas\Iago-Aspas,es ESP,FW,Celta Vigo,32,1987,33,33,2864,31.8,14,13,9,5,5,9,0,0.44,0.41,0.85,0.28,0.69,12.5,8.7,8.3,17.0,0.39,0.26,0.65,0.27,0.54
36,Miguel Atienza\Miguel-Atienza,es ESP,MF,Eibar,21,1999,12,9,838,9.3,0,0,0,0,0,1,0,0.00,0.00,0.00,0.00,0.00,0.2,0.2,0.1,0.4,0.02,0.02,0.04,0.02,0.04
37,Ezequiel Ávila\Ezequiel-Avila,ar ARG,MFFW,Osasuna,26,1994,8,2,202,2.2,0,0,0,0,0,0,0,0.00,0.00,0.00,0.00,0.00,0.7,0.7,0.0,0.7,0.31,0.00,0.31,0.31,0.31
38,Ramon Azeez\Ramon-Azeez,ng NGA,MFDF,Granada,27,1992,2,1,101,1.1,0,0,0,0,0,0,0,0.00,0.00,0.00,0.00,0.00,0.2,0.2,0.0,0.2,0.15,0.00,0.15,0.15,0.15
39,Carlos Bacca\Carlos-Bacca,co COL,FW,Villarreal,33,1986,23,9,786,8.7,5,0,5,0,0,1,0,0.57,0.00,0.57,0.57,0.57,3.5,3.5,0.9,4.4,0.40,0.11,0.50,0.40,0.50
40,Édgar Badía\Edgar-Badia,es ESP,GK,Elche,28,1992,30,30,2700,30.0,0,0,0,0,0,0,0,0.00,0.00,0.00,0.00,0.00,0.0,0.0,0.0,0.0,0.00,0.00,0.00,0.00,0.00
41,Alex Baena\Alex-Baena,es ESP,MF,Villarreal,19,2001,6,2,137,1.5,0,0,0,0,0,0,0,0.00,0.00,0.00,0.00,0.00,0.1,0.1,0.1,0.1,0.05,0.05,0.09,0.05,0.09
42,Miguel Baeza\Miguel-Baeza,es ESP,MFFW,Celta Vigo,20,2000,22,4,543,6.0,1,0,1,0,0,0,0,0.17,0.00,0.17,0.17,0.17,1.5,1.5,0.6,2.2,0.26,0.10,0.36,0.26,0.36
43,Mikel Balenziaga\Mikel-Balenziaga,es ESP,DF,Athletic Club,32,1988,23,17,1689,18.8,0,1,0,0,0,0,0,0.00,0.05,0.05,0.00,0.05,0.0,0.0,0.6,0.7,0.00,0.03,0.04,0.00,0.04
44,Barcia\Barcia,es ESP,DF,Granada,19,2000,1,1,90,1.0,0,0,0,0,0,1,0,0.00,0.00,0.00,0.00,0.00,0.0,0.0,0.0,0.0,0.00,0.00,0.00,0.00,0.00
45,Enis Bardhi\Enis-Bardhi,mk MKD,MF,Levante,25,1995,26,19,1682,18.7,1,2,1,0,0,4,0,0.05,0.11,0.16,0.05,0.16,2.9,2.9,1.1,4.0,0.15,0.06,0.21,0.15,0.21
46,Kike Barja\Kike-Barja,es ESP,MFFW,Osasuna,23,1997,33,17,1433,15.9,2,3,2,0,0,2,0,0.13,0.19,0.31,0.13,0.31,1.8,1.8,1.9,3.7,0.12,0.12,0.23,0.12,0.23
47,Marc Baró\Marc-Baro,es ESP,DF,Cádiz,20,1999,1,1,90,1.0,0,0,0,0,0,0,0,0.00,0.00,0.00,0.00,0.00,0.0,0.0,0.3,0.3,0.02,0.33,0.35,0.02,0.35
48,Antonio Barragán\Antonio-Barragan,es ESP,DF,Elche,33,1987,27,26,2235,24.8,0,3,0,0,0,8,0,0.00,0.12,0.12,0.00,0.12,0.6,0.6,1.0,1.6,0.02,0.04,0.06,0.02,0.06
49,Ander Barrenetxea\Ander-Barrenetxea,es ESP,MFFW,Real Sociedad,18,2001,31,13,1307,14.5,3,0,3,0,0,7,0,0.21,0.00,0.21,0.21,0.21,1.8,1.8,2.0,3.8,0.12,0.14,0.26,0.12,0.26
50,Marc Bartra\Marc-Bartra,es ESP,DF,Betis,29,1991,19,19,1694,18.8,0,1,0,0,0,3,0,0.00,0.05,0.05,0.00,0.05,0.4,0.4,0.8,1.3,0.02,0.04,0.07,0.02,0.07
51,Álvaro Bastida\Alvaro-Bastida,es ESP,MF,Cádiz,16,2004,1,0,35,0.4,0,0,0,0,0,0,0,0.00,0.00,0.00,0.00,0.00,0.0,0.0,0.0,0.0,0.00,0.00,0.00,0.00,0.00
52,Rodrigo Battaglia\Rodrigo-Battaglia,ar ARG,MF,Alavés,29,1991,32,29,2492,27.7,1,0,1,0,0,10,1,0.04,0.00,0.04,0.04,0.04,1.2,1.2,0.2,1.4,0.04,0.01,0.05,0.04,0.05
53,Jon Bautista\Jon-Bautista,es ESP,FWMF,Real Sociedad,25,1995,21,0,370,4.1,0,1,0,0,0,3,0,0.00,0.24,0.24,0.00,0.24,1.0,1.0,0.2,1.2,0.23,0.06,0.29,0.23,0.29
54,Fran Beltrán\Fran-Beltran,es ESP,MF,Celta Vigo,21,1999,32,13,1399,15.5,3,0,3,0,0,3,0,0.19,0.00,0.19,0.19,0.19,1.4,1.4,0.3,1.7,0.09,0.02,0.11,0.09,0.11
55,Sergio Benito\Sergio-Benito,es ESP,FW,Valladolid,21,1999,1,0,2,0.0,0,0,0,0,0,0,0,0.00,0.00,0.00,0.00,0.00,0.0,0.0,0.0,0.0,0.00,0.00,0.00,0.00,0.00
56,Karim Benzema\Karim-Benzema,fr FRA,FW,Real Madrid,32,1987,34,33,2894,32.2,23,9,22,1,1,2,0,0.72,0.28,1.00,0.68,0.96,17.8,17.0,6.3,23.3,0.55,0.20,0.75,0.53,0.72
57,Yuri Berchiche\Yuri-Berchiche,es ESP,DF,Athletic Club,30,1990,23,21,1682,18.7,1,3,1,0,0,3,0,0.05,0.16,0.21,0.05,0.21,0.8,0.8,1.9,2.7,0.04,0.10,0.14,0.04,0.14
58,Álex Berenguer\Alex-Berenguer,es ESP,MFFW,Athletic Club,25,1995,35,27,2278,25.3,8,4,8,0,0,4,0,0.32,0.16,0.47,0.32,0.47,6.1,6.1,3.8,9.9,0.24,0.15,0.39,0.24,0.39
59,Pedro Bigas\Pedro-Bigas,es ESP,DF,Eibar,29,1990,21,19,1529,17.0,0,0,0,0,0,1,0,0.00,0.00,0.00,0.00,0.00,0.9,0.9,0.0,0.9,0.05,0.00,0.05,0.05,0.05
60,Blanco\Blanco,es ESP,MFDF,Real Madrid,20,2000,4,2,220,2.4,0,0,0,0,0,0,0,0.00,0.00,0.00,0.00,0.00,0.0,0.0,0.1,0.1,0.02,0.03,0.04,0.02,0.04
61,Alejandro Blanco\Alejandro-Blanco,es ESP,MF,Valencia,21,1998,13,6,580,6.4,1,0,1,0,0,1,0,0.16,0.00,0.16,0.16,0.16,0.8,0.8,0.5,1.3,0.12,0.08,0.20,0.12,0.20
62,Rubén Blanco\Ruben-Blanco,es ESP,GK,Celta Vigo,25,1995,19,19,1637,18.2,0,0,0,0,0,0,1,0.00,0.00,0.00,0.00,0.00,0.0,0.0,0.0,0.0,0.00,0.00,0.00,0.00,0.00
63,Alejandro Blesa\Alejandro-Blesa,es ESP,MF,Levante,18,2002,1,0,11,0.1,0,0,0,0,0,0,0,0.00,0.00,0.00,0.00,0.00,0.0,0.0,0.0,0.0,0.00,0.00,0.00,0.00,0.00
64,Yann Bodiger\Yann-Bodiger,fr FRA,MF,Cádiz,25,1995,9,2,251,2.8,0,0,0,0,0,0,0,0.00,0.00,0.00,0.00,0.00,0.0,0.0,0.1,0.1,0.00,0.05,0.05,0.00,0.05
65,Yassine Bounou\Yassine-Bounou,ma MAR,GK,Sevilla,29,1991,33,33,2970,33.0,1,0,1,0,0,3,0,0.03,0.00,0.03,0.03,0.03,0.3,0.3,0.0,0.4,0.01,0.00,0.01,0.01,0.01
66,Lucas Boyé\Lucas-Boye,ar ARG,FW,Elche,24,1996,34,32,2694,29.9,7,2,7,0,0,9,1,0.23,0.07,0.30,0.23,0.30,5.9,5.9,1.0,7.0,0.20,0.03,0.23,0.20,0.23
67,Martin Braithwaite\Martin-Braithwaite,dk DEN,FW,Barcelona,29,1991,29,11,1175,13.1,2,2,2,0,1,3,0,0.15,0.15,0.31,0.15,0.31,5.0,4.2,2.0,6.3,0.38,0.16,0.54,0.32,0.48
68,Darko Brašanac\Darko-Brasanac,rs SRB,MF,Osasuna,28,1992,16,9,909,10.1,2,0,2,0,0,4,0,0.20,0.00,0.20,0.20,0.20,1.3,1.3,0.2,1.4,0.12,0.02,0.14,0.12,0.14
69,Álvaro Bravo\Alvaro-Bravo,es ESP,MF,Granada,22,1998,1,0,15,0.2,0,0,0,0,0,0,0,0.00,0.00,0.00,0.00,0.00,0.0,0.0,0.0,0.0,0.00,0.00,0.00,0.00,0.00
70,Claudio Bravo\Claudio-Bravo,cl CHI,GK,Betis,37,1983,20,20,1800,20.0,0,0,0,0,0,3,0,0.00,0.00,0.00,0.00,0.00,0.0,0.0,0.3,0.3,0.00,0.01,0.01,0.00,0.01
71,Yan Brice Eteki\Yan-Brice-Eteki,cm CMR,MF,Granada,22,1997,25,16,1321,14.7,0,0,0,0,0,4,1,0.00,0.00,0.00,0.00,0.00,0.3,0.3,0.0,0.4,0.02,0.00,0.02,0.02,0.02
72,Juan Brunet\Juan-Brunet,ar ARG,MF,Granada,22,1998,2,0,24,0.3,0,0,0,0,0,0,0,0.00,0.00,0.00,0.00,0.00,0.0,0.0,0.0,0.0,0.00,0.00,0.00,0.00,0.00
73,Bryan\Bryan,es ESP,FW,Sevilla,19,2001,1,0,13,0.1,0,0,0,0,0,0,0,0.00,0.00,0.00,0.00,0.00,0.0,0.0,0.0,0.0,0.00,0.00,0.00,0.00,0.00
74,Bryan\Bryan,es ESP,MFFW,Eibar,19,2001,28,26,2265,25.2,4,3,4,0,0,6,0,0.16,0.12,0.28,0.16,0.28,4.0,3.6,5.2,8.9,0.16,0.21,0.37,0.14,0.35
75,Ante Budimir\Ante-Budimir,hr CRO,FW,Osasuna,29,1991,30,18,1625,18.1,11,0,11,0,0,3,0,0.61,0.00,0.61,0.61,0.61,7.1,7.1,0.6,7.7,0.39,0.03,0.43,0.39,0.43
76,Esteban Burgos\Esteban-Burgos,ar ARG,DF,Eibar,28,1992,14,12,1111,12.3,3,1,1,2,3,5,0,0.24,0.08,0.32,0.08,0.16,3.3,1.1,0.1,1.2,0.27,0.01,0.28,0.09,0.10
77,Burgui\Burgui,es ESP,MF,Alavés,26,1993,1,0,21,0.2,0,0,0,0,0,0,0,0.00,0.00,0.00,0.00,0.00,0.0,0.0,0.0,0.0,0.00,0.00,0.00,0.00,0.00
78,Sergio Busquets\Sergio-Busquets,es ESP,MF,Barcelona,32,1988,36,32,2517,28.0,0,5,0,0,0,9,0,0.00,0.18,0.18,0.00,0.18,0.2,0.2,3.6,3.8,0.01,0.13,0.14,0.01,0.14
79,Erick Cabaco\Erick-Cabaco,uy URU,DF,Getafe,25,1995,20,15,1326,14.7,0,0,0,0,0,9,0,0.00,0.00,0.00,0.00,0.00,0.2,0.2,0.0,0.2,0.02,0.00,0.02,0.02,0.02
80,Cala\Cala,es ESP,DF,Cádiz,30,1989,28,26,2272,25.2,3,0,3,0,0,8,0,0.12,0.00,0.12,0.12,0.12,1.4,1.4,0.3,1.7,0.06,0.01,0.07,0.06,0.07
81,Jonathan Calleri\Jonathan-Calleri,ar ARG,FW,Osasuna,26,1993,25,20,1544,17.2,5,2,5,0,0,4,0,0.29,0.12,0.41,0.29,0.41,5.9,5.9,1.3,7.2,0.34,0.08,0.42,0.34,0.42
82,Dani Calvo\Dani-Calvo,es ESP,DF,Elche,26,1994,23,19,1779,19.8,2,0,2,0,0,3,0,0.10,0.00,0.10,0.10,0.10,0.9,0.9,0.0,0.9,0.05,0.00,0.05,0.05,0.05
83,José Campaña\Jose-Campana,es ESP,MF,Levante,27,1993,9,8,748,8.3,1,2,0,1,1,0,0,0.12,0.24,0.36,0.00,0.24,1.4,0.7,1.4,2.0,0.17,0.16,0.34,0.08,0.25
84,Sergio Canales\Sergio-Canales,es ESP,MFFW,Betis,29,1991,31,28,2498,27.8,8,6,6,2,3,4,0,0.29,0.22,0.50,0.22,0.43,5.4,2.9,5.1,8.0,0.19,0.18,0.38,0.11,0.29
85,Álex Cantero\Alex-Cantero,es ESP,FW,Levante,20,2000,4,3,237,2.6,0,0,0,0,0,1,0,0.00,0.00,0.00,0.00,0.00,,,,,,,,,
86,Ander Capa\Ander-Capa,es ESP,DF,Athletic Club,28,1992,28,25,2131,23.7,2,1,2,0,0,5,0,0.08,0.04,0.13,0.08,0.13,1.1,1.1,1.6,2.7,0.05,0.07,0.11,0.05,0.11
87,Étienne Capoue\Etienne-Capoue,fr FRA,MF,Villarreal,32,1988,16,15,1185,13.2,1,0,1,0,0,5,1,0.08,0.00,0.08,0.08,0.08,0.5,0.5,0.1,0.6,0.04,0.01,0.05,0.04,0.05
88,Isaac Carcelen\Isaac-Carcelen,es ESP,DF,Cádiz,27,1993,32,31,2581,28.7,0,1,0,0,0,3,0,0.00,0.03,0.03,0.00,0.03,0.4,0.4,1.0,1.4,0.01,0.03,0.05,0.01,0.05
89,Cárdenas\Cardenas,es ESP,GK,Levante,23,1997,8,8,720,8.0,0,0,0,0,0,1,0,0.00,0.00,0.00,0.00,0.00,0.0,0.0,0.0,0.0,0.00,0.00,0.00,0.00,0.00
90,Marc Cardona\Marc-Cardona,es ESP,FWMF,Osasuna,25,1995,3,0,53,0.6,0,0,0,0,0,0,0,0.00,0.00,0.00,0.00,0.00,0.2,0.2,0.0,0.2,0.30,0.00,0.30,0.30,0.30
91,Diego Carlos\Diego-Carlos,br BRA,DF,Sevilla,27,1993,33,32,2788,31.0,1,0,1,0,0,11,1,0.03,0.00,0.03,0.03,0.03,1.0,1.0,0.6,1.6,0.03,0.02,0.05,0.03,0.05
92,Juan Carlos\Juan-Carlos,es ESP,MFFW,Huesca,29,1991,15,3,291,3.2,0,1,0,0,0,0,0,0.00,0.31,0.31,0.00,0.31,0.5,0.5,0.3,0.8,0.14,0.10,0.24,0.14,0.24
93,Yannick Carrasco\Yannick-Carrasco,be BEL,DFMF,Atlético Madrid,26,1993,30,25,2179,24.2,6,10,6,0,0,6,0,0.25,0.41,0.66,0.25,0.66,6.0,6.0,5.6,11.6,0.25,0.23,0.48,0.25,0.48
94,Sergio Carreira\Sergio-Carreira,es ESP,DF,Celta Vigo,19,2000,3,3,259,2.9,1,0,1,0,0,0,0,0.35,0.00,0.35,0.35,0.35,0.4,0.4,0.0,0.4,0.13,0.00,0.13,0.13,0.13
95,Guido Carrillo\Guido-Carrillo,ar ARG,FW,Elche,29,1991,21,11,1002,11.1,3,2,3,0,0,3,0,0.27,0.18,0.45,0.27,0.45,2.7,2.7,1.3,4.0,0.24,0.11,0.36,0.24,0.36
96,Dani Carvajal\Dani-Carvajal,es ESP,DF,Real Madrid,28,1992,13,11,950,10.6,0,2,0,0,0,5,0,0.00,0.19,0.19,0.00,0.19,0.6,0.6,0.8,1.4,0.05,0.08,0.13,0.05,0.13
97,William Carvalho\William-Carvalho,pt POR,MF,Betis,28,1992,27,12,1223,13.6,2,0,2,0,0,6,1,0.15,0.00,0.15,0.15,0.15,1.3,1.3,0.5,1.7,0.09,0.03,0.13,0.09,0.13
98,Casemiro\Casemiro,br BRA,MF,Real Madrid,28,1992,34,32,2901,32.2,6,4,6,0,0,11,1,0.19,0.12,0.31,0.19,0.31,4.6,4.6,3.6,8.2,0.14,0.11,0.25,0.14,0.25
99,Sofian Chakla\Sofian-Chakla,ma MAR,DF,Getafe,26,1993,11,9,897,10.0,0,0,0,0,0,5,0,0.00,0.00,0.00,0.00,0.00,0.1,0.1,0.1,0.2,0.01,0.01,0.02,0.01,0.02
100,Sofian Chakla\Sofian-Chakla,ma MAR,DF,Villarreal,26,1993,1,0,13,0.1,0,0,0,0,0,0,0,0.00,0.00,0.00,0.00,0.00,0.1,0.1,0.0,0.1,0.39,0.00,0.39,0.39,0.39
101,Chema\Chema,es ESP,DFMF,Getafe,28,1992,10,7,557,6.2,0,0,0,0,0,3,1,0.00,0.00,0.00,0.00,0.00,0.0,0.0,0.1,0.2,0.01,0.02,0.03,0.01,0.03
102,Denis Cheryshev\Denis-Cheryshev,ru RUS,MF,Valencia,29,1990,21,13,1101,12.2,0,3,0,0,0,3,0,0.00,0.25,0.25,0.00,0.25,1.5,1.5,2.4,3.9,0.12,0.20,0.32,0.12,0.32
103,Samuel Chukwueze\Samuel-Chukwueze,ng NGA,MFFW,Villarreal,21,1999,28,13,1365,15.2,4,2,4,0,0,0,0,0.26,0.13,0.40,0.26,0.40,3.5,3.5,2.6,6.1,0.23,0.17,0.41,0.23,0.41
104,Víctor Chust\Victor-Chust,es ESP,DF,Real Madrid,20,2000,2,1,95,1.1,0,0,0,0,0,0,0,0.00,0.00,0.00,0.00,0.00,0.0,0.0,0.0,0.0,0.00,0.00,0.00,0.00,0.00
105,Cifu\Cifu,es ESP,DF,Elche,29,1990,11,4,451,5.0,0,0,0,0,0,1,0,0.00,0.00,0.00,0.00,0.00,0.1,0.1,0.0,0.1,0.02,0.00,0.02,0.02,0.02
106,Alberto Cifuentes\Alberto-Cifuentes,es ESP,GK,Cádiz,41,1979,2,2,180,2.0,0,0,0,0,0,0,0,0.00,0.00,0.00,0.00,0.00,0.0,0.0,0.0,0.0,0.00,0.02,0.02,0.00,0.02
107,Jasper Cillessen\Jasper-Cillessen,nl NED,GK,Valencia,31,1989,10,10,900,10.0,0,0,0,0,0,0,0,0.00,0.00,0.00,0.00,0.00,0.0,0.0,0.0,0.0,0.00,0.00,0.00,0.00,0.00
108,Carlos Clerc\Carlos-Clerc,es ESP,DF,Levante,28,1992,35,30,2781,30.9,0,3,0,0,0,5,0,0.00,0.10,0.10,0.00,0.10,0.4,0.4,3.3,3.7,0.01,0.11,0.12,0.01,0.12
109,Coke\Coke,es ESP,DF,Levante,33,1987,17,11,835,9.3,0,0,0,0,0,1,0,0.00,0.00,0.00,0.00,0.00,0.4,0.4,0.3,0.7,0.04,0.03,0.07,0.04,0.07
110,Francis Coquelin\Francis-Coquelin,fr FRA,MF,Villarreal,29,1991,22,7,736,8.2,0,0,0,0,0,4,0,0.00,0.00,0.00,0.00,0.00,0.2,0.2,0.5,0.7,0.03,0.06,0.09,0.03,0.09
111,Iñigo Córdoba\Inigo-Cordoba,es ESP,FWMF,Athletic Club,23,1997,3,1,95,1.1,0,0,0,0,0,0,0,0.00,0.00,0.00,0.00,0.00,0.1,0.1,0.0,0.1,0.11,0.00,0.11,0.11,0.11
112,Iñigo Córdoba\Inigo-Cordoba,es ESP,MF,Alavés,23,1997,7,3,216,2.4,0,0,0,0,0,0,0,0.00,0.00,0.00,0.00,0.00,0.0,0.0,0.3,0.3,0.01,0.11,0.12,0.01,0.12
113,Ángel Correa\Angel-Correa,ar ARG,FWMF,Atlético Madrid,25,1995,38,29,2393,26.6,9,8,9,0,0,3,0,0.34,0.30,0.64,0.34,0.64,7.6,7.4,5.7,13.0,0.29,0.21,0.50,0.28,0.49
114,Rober Correa\Rober-Correa,es ESP,DF,Eibar,27,1992,15,13,1136,12.6,0,2,0,0,0,3,0,0.00,0.16,0.16,0.00,0.16,0.2,0.2,1.0,1.2,0.02,0.08,0.09,0.02,0.09
115,Thierry Correia\Thierry-Correia,pt POR,DF,Valencia,21,1999,29,25,2137,23.7,1,1,1,0,0,6,1,0.04,0.04,0.08,0.04,0.08,1.0,1.0,1.3,2.3,0.04,0.06,0.10,0.04,0.10
116,Diego Costa\Diego-Costa,es ESP,FW,Atlético Madrid,31,1988,7,2,208,2.3,2,0,1,1,1,1,0,0.87,0.00,0.87,0.43,0.43,1.4,0.6,0.3,1.0,0.60,0.14,0.74,0.27,0.41
117,Jaume Costa\Jaume-Costa,es ESP,DFMF,Villarreal,32,1988,14,3,351,3.9,0,1,0,0,0,1,0,0.00,0.26,0.26,0.00,0.26,0.1,0.1,0.3,0.4,0.02,0.08,0.09,0.02,0.09
118,Thibaut Courtois\Thibaut-Courtois,be BEL,GK,Real Madrid,28,1992,38,38,3420,38.0,0,0,0,0,0,0,0,0.00,0.00,0.00,0.00,0.00,0.0,0.0,0.0,0.0,0.00,0.00,0.00,0.00,0.00
119,Philippe Coutinho\Philippe-Coutinho,br BRA,MFFW,Barcelona,28,1992,12,8,654,7.3,2,2,2,0,0,0,0,0.28,0.28,0.55,0.28,0.55,3.9,3.9,0.9,4.7,0.53,0.12,0.65,0.53,0.65
120,Juan Cruz Armada\Juan-Cruz-Armada,es ESP,DF,Osasuna,28,1992,26,23,1962,21.8,0,0,0,0,0,4,0,0.00,0.00,0.00,0.00,0.00,0.0,0.0,0.5,0.5,0.00,0.02,0.02,0.00,0.02
121,Sergio Cubero Ezcurra\Sergio-Cubero-Ezcurra,es ESP,MF,Eibar,20,1999,1,0,1,0.0,0,0,0,0,0,0,0,0.00,0.00,0.00,0.00,0.00,0.0,0.0,0.0,0.0,0.00,0.00,0.00,0.00,0.00
122,Cucho\Cucho,co COL,FWMF,Getafe,21,1999,23,18,1466,16.3,2,3,2,0,0,5,0,0.12,0.18,0.31,0.12,0.31,2.5,2.5,1.1,3.7,0.16,0.07,0.23,0.16,0.23
123,Marc Cucurella\Marc-Cucurella,es ESP,MF,Getafe,22,1998,37,37,3244,36.0,3,2,3,0,0,8,0,0.08,0.06,0.14,0.08,0.14,1.7,1.7,3.0,4.8,0.05,0.08,0.13,0.05,0.13
124,Patrick Cutrone\Patrick-Cutrone,it ITA,FW,Valencia,22,1998,7,0,108,1.2,0,0,0,0,0,0,0,0.00,0.00,0.00,0.00,0.00,0.5,0.5,0.2,0.7,0.46,0.14,0.60,0.46,0.60
125,Moussa Dembélé\Moussa-Dembele,fr FRA,FWMF,Atlético Madrid,24,1996,5,0,100,1.1,0,0,0,0,0,0,0,0.00,0.00,0.00,0.00,0.00,1.0,1.0,0.0,1.1,0.92,0.02,0.95,0.92,0.95
126,Ousmane Dembélé\Ousmane-Dembele,fr FRA,FWDF,Barcelona,23,1997,30,19,1774,19.7,6,3,6,0,0,2,0,0.30,0.15,0.46,0.30,0.46,5.6,5.6,4.9,10.6,0.29,0.25,0.54,0.29,0.54
127,Sergiño Dest\Sergino-Dest,us USA,DF,Barcelona,19,2000,30,23,1909,21.2,2,1,2,0,0,1,0,0.09,0.05,0.14,0.09,0.14,2.5,2.5,2.6,5.0,0.12,0.12,0.24,0.12,0.24
128,Deyverson\Deyverson,br BRA,FW,Alavés,29,1991,27,11,874,9.7,1,3,1,0,0,4,0,0.10,0.31,0.41,0.10,0.41,1.8,1.8,1.6,3.3,0.18,0.16,0.34,0.18,0.34
129,Abdoulay Diaby\Abdoulay-Diaby,ml MLI,MF,Getafe,29,1991,1,0,18,0.2,0,0,0,0,0,0,0,0.00,0.00,0.00,0.00,0.00,0.3,0.3,0.1,0.4,1.69,0.53,2.22,1.69,2.22
130,Mouctar Diakhaby\Mouctar-Diakhaby,fr FRA,DF,Valencia,23,1996,26,24,2079,23.1,1,0,1,0,0,4,1,0.04,0.00,0.04,0.04,0.04,1.1,1.1,0.0,1.1,0.05,0.00,0.05,0.05,0.05
131,Víctor Díaz\Victor-Diaz,es ESP,DF,Granada,32,1988,17,7,828,9.2,0,2,0,0,0,3,0,0.00,0.22,0.22,0.00,0.22,0.3,0.3,0.3,0.6,0.03,0.03,0.06,0.03,0.06
132,Papakouli Diop\Papakouli-Diop,sn SEN,MF,Eibar,34,1986,33,28,2324,25.8,1,1,1,0,0,9,2,0.04,0.04,0.08,0.04,0.08,1.9,1.9,1.1,3.0,0.07,0.04,0.12,0.07,0.12
133,Djené\Djene,tg TOG,DF,Getafe,28,1991,34,34,2941,32.7,0,1,0,0,0,8,2,0.00,0.03,0.03,0.00,0.03,0.2,0.2,0.1,0.3,0.01,0.00,0.01,0.01,0.01
134,Marko Dmitrović\Marko-Dmitrovic,rs SRB,GK,Eibar,28,1992,35,35,3120,34.7,1,0,0,1,2,0,0,0.03,0.00,0.03,0.00,0.00,1.6,0.1,0.5,0.6,0.05,0.01,0.06,0.00,0.02
135,Jaume Doménech\Jaume-Domenech,es ESP,GK,Valencia,29,1990,28,28,2520,28.0,0,0,0,0,0,1,0,0.00,0.00,0.00,0.00,0.00,0.0,0.0,0.0,0.0,0.00,0.00,0.00,0.00,0.00
136,Carlos Dominguez\Carlos-Dominguez,es ESP,DF,Celta Vigo,19,2001,4,4,360,4.0,0,0,0,0,0,2,0,0.00,0.00,0.00,0.00,0.00,0.1,0.1,0.1,0.2,0.03,0.02,0.05,0.03,0.05
137,John Donald\John-Donald,es ESP,DF,Elche,19,2000,2,1,50,0.6,0,0,0,0,0,0,0,0.00,0.00,0.00,0.00,0.00,0.0,0.0,0.0,0.0,0.00,0.00,0.00,0.00,0.00
138,Cheick Doukouré\Cheick-Doukoure,ci CIV,MF,Levante,27,1992,7,0,101,1.1,0,0,0,0,0,1,0,0.00,0.00,0.00,0.00,0.00,0.0,0.0,0.1,0.1,0.00,0.08,0.08,0.00,0.08
139,Idrissa Doumbia\Idrissa-Doumbia,ci CIV,MF,Huesca,22,1998,23,7,779,8.7,0,0,0,0,0,4,0,0.00,0.00,0.00,0.00,0.00,0.4,0.4,0.0,0.4,0.04,0.00,0.05,0.04,0.05
140,Domingos Duarte\Domingos-Duarte,pt POR,DF,Granada,25,1995,29,27,2363,26.3,1,0,1,0,0,5,1,0.04,0.00,0.04,0.04,0.04,1.3,1.3,1.0,2.3,0.05,0.04,0.09,0.05,0.09
141,Óscar Duarte\Oscar-Duarte,cr CRC,DF,Levante,31,1989,29,23,2060,22.9,1,0,1,0,0,2,0,0.04,0.00,0.04,0.04,0.04,1.1,1.1,0.2,1.3,0.05,0.01,0.06,0.05,0.06
142,Rubén Duarte\Ruben-Duarte,es ESP,DF,Alavés,24,1995,31,29,2545,28.3,1,1,1,0,0,5,1,0.04,0.04,0.07,0.04,0.07,1.3,1.3,2.4,3.7,0.05,0.08,0.13,0.05,0.13
143,Unai Dufur\Unai-Dufur,es ESP,DF,Eibar,21,1999,1,1,62,0.7,0,0,0,0,0,0,0,0.00,0.00,0.00,0.00,0.00,0.0,0.0,0.0,0.0,0.00,0.00,0.00,0.00,0.00
144,Hugo Duro\Hugo-Duro,es ESP,FW,Real Madrid,20,1999,2,0,55,0.6,0,0,0,0,0,0,0,0.00,0.00,0.00,0.00,0.00,0.1,0.1,0.1,0.2,0.22,0.09,0.31,0.22,0.31
145,Aritz Elustondo\Aritz-Elustondo,es ESP,DF,Real Sociedad,26,1994,23,22,1884,20.9,1,0,1,0,0,5,0,0.05,0.00,0.05,0.05,0.05,0.3,0.3,0.2,0.5,0.01,0.01,0.02,0.01,0.02
146,Rodrigo Ely\Rodrigo-Ely,br BRA,DF,Alavés,26,1993,8,6,468,5.2,1,0,1,0,0,1,0,0.19,0.00,0.19,0.19,0.19,0.2,0.2,0.1,0.3,0.04,0.02,0.06,0.04,0.06
147,Emerson\Emerson,br BRA,DF,Betis,21,1999,34,34,2991,33.2,1,4,1,0,0,9,1,0.03,0.12,0.15,0.03,0.15,1.2,1.2,2.2,3.4,0.04,0.07,0.10,0.04,0.10
148,Youssef En-Nesyri\Youssef-En-Nesyri,ma MAR,FW,Sevilla,23,1997,38,23,2311,25.7,18,0,18,0,0,2,0,0.70,0.00,0.70,0.70,0.70,14.8,14.8,1.3,16.1,0.58,0.05,0.63,0.58,0.63
149,Sergi Enrich\Sergi-Enrich,es ESP,FW,Eibar,30,1990,27,13,1404,15.6,3,0,3,0,1,1,0,0.19,0.00,0.19,0.19,0.19,5.8,5.0,1.0,6.0,0.37,0.06,0.43,0.32,0.38
150,Aarón Escandell\Aaron-Escandell,es ESP,GK,Granada,24,1995,5,5,450,5.0,0,0,0,0,0,1,0,0.00,0.00,0.00,0.00,0.00,0.0,0.0,0.0,0.0,0.00,0.00,0.00,0.00,0.00
151,Dani Escriche\Dani-Escriche,es ESP,FWMF,Huesca,22,1998,23,7,857,9.5,1,1,1,0,0,5,1,0.11,0.11,0.21,0.11,0.21,1.4,1.4,1.3,2.6,0.14,0.13,0.28,0.14,0.28
152,Sergio Escudero\Sergio-Escudero,es ESP,DF,Sevilla,30,1989,9,7,565,6.3,1,0,1,0,0,3,0,0.16,0.00,0.16,0.16,0.16,0.2,0.2,0.5,0.7,0.03,0.08,0.12,0.03,0.12
153,Alfonso Espino\Alfonso-Espino,uy URU,DF,Cádiz,28,1992,32,31,2601,28.9,0,3,0,0,0,6,0,0.00,0.10,0.10,0.00,0.10,0.2,0.2,1.3,1.5,0.01,0.04,0.05,0.01,0.05
154,Vicente Esquerdo\Vicente-Esquerdo,es ESP,MF,Valencia,21,1999,4,3,231,2.6,0,0,0,0,0,1,0,0.00,0.00,0.00,0.00,0.00,0.0,0.0,0.1,0.1,0.01,0.03,0.04,0.01,0.04
155,Pervis Estupiñán\Pervis-Estupinan,ec ECU,DF,Villarreal,22,1998,25,12,1168,13.0,0,0,0,0,0,1,0,0.00,0.00,0.00,0.00,0.00,0.5,0.5,1.3,1.8,0.04,0.10,0.14,0.04,0.14
156,Xabier Etxeita\Xabier-Etxeita,es ESP,DF,Getafe,32,1987,11,9,883,9.8,0,0,0,0,0,3,0,0.00,0.00,0.00,0.00,0.00,0.5,0.5,0.2,0.7,0.05,0.02,0.07,0.05,0.07
157,Edu Expósito\Edu-Exposito,es ESP,MF,Eibar,23,1996,31,27,2455,27.3,0,3,0,0,2,4,0,0.00,0.11,0.11,0.00,0.11,3.3,1.8,2.8,4.6,0.12,0.10,0.22,0.07,0.17
158,Jokin Ezkieta\Jokin-Ezkieta,es ESP,GK,Athletic Club,23,1996,1,1,90,1.0,0,0,0,0,0,0,0,0.00,0.00,0.00,0.00,0.00,0.0,0.0,0.0,0.0,0.00,0.00,0.00,0.00,0.00
159,Fali\Fali,es ESP,DFMF,Cádiz,26,1993,34,29,2637,29.3,0,0,0,0,0,11,0,0.00,0.00,0.00,0.00,0.00,0.7,0.7,0.7,1.4,0.02,0.02,0.05,0.02,0.05
160,Ansu Fati\Ansu-Fati,es ESP,FW,Barcelona,17,2002,7,6,431,4.8,4,0,4,0,0,1,0,0.84,0.00,0.84,0.84,0.84,1.8,1.8,1.4,3.2,0.37,0.29,0.66,0.37,0.66
161,Nabil Fekir\Nabil-Fekir,fr FRA,MFFW,Betis,27,1993,33,33,2622,29.1,5,6,4,1,3,5,1,0.17,0.21,0.38,0.14,0.34,7.5,5.2,5.3,10.5,0.26,0.18,0.44,0.18,0.36
162,Felipe\Felipe,br BRA,DF,Atlético Madrid,31,1989,31,23,2057,22.9,0,0,0,0,0,8,0,0.00,0.00,0.00,0.00,0.00,0.9,0.9,0.2,1.1,0.04,0.01,0.05,0.04,0.05
163,João Félix\Joao-Felix,pt POR,FWMF,Atlético Madrid,20,1999,31,14,1572,17.5,7,5,6,1,2,6,0,0.40,0.29,0.69,0.34,0.63,5.1,3.6,3.8,7.3,0.29,0.22,0.51,0.20,0.42
164,Aitor Fernández\Aitor-Fernandez,es ESP,GK,Levante,29,1991,29,29,2610,29.0,0,0,0,0,0,0,0,0.00,0.00,0.00,0.00,0.00,0.0,0.0,0.0,0.0,0.00,0.00,0.00,0.00,0.00
165,Álex Fernández\Alex-Fernandez,es ESP,MF,Cádiz,27,1992,25,21,1946,21.6,4,1,2,2,2,1,0,0.18,0.05,0.23,0.09,0.14,3.2,1.7,1.8,3.5,0.15,0.08,0.23,0.08,0.16
166,Álvaro Fernández\Alvaro-Fernandez,es ESP,GK,Huesca,22,1998,22,22,1980,22.0,0,0,0,0,0,0,0,0.00,0.00,0.00,0.00,0.00,0.0,0.0,0.1,0.1,0.00,0.00,0.00,0.00,0.00
167,Andrés Fernández\Andres-Fernandez,es ESP,GK,Huesca,33,1986,16,16,1440,16.0,0,0,0,0,0,0,0,0.00,0.00,0.00,0.00,0.00,0.0,0.0,0.0,0.0,0.00,0.00,0.00,0.00,0.00
168,Augusto Fernández\Augusto-Fernandez,ar ARG,MF,Cádiz,34,1986,12,4,369,4.1,0,0,0,0,0,1,0,0.00,0.00,0.00,0.00,0.00,0.0,0.0,0.0,0.0,0.00,0.00,0.00,0.00,0.00
169,Carlos Fernández\Carlos-Fernandez,es ESP,FW,Sevilla,24,1996,5,2,143,1.6,0,0,0,0,0,0,0,0.00,0.00,0.00,0.00,0.00,0.1,0.1,0.1,0.2,0.09,0.06,0.14,0.09,0.14
170,Carlos Fernández\Carlos-Fernandez,es ESP,FWMF,Real Sociedad,24,1996,11,4,390,4.3,1,2,1,0,0,5,0,0.23,0.46,0.69,0.23,0.69,1.1,1.1,0.6,1.8,0.26,0.15,0.41,0.26,0.41
171,Joaquín Fernández\Joaquin-Fernandez,es ESP,DF,Valladolid,24,1996,25,24,2073,23.0,1,0,1,0,0,8,0,0.04,0.00,0.04,0.04,0.04,1.3,1.3,0.3,1.5,0.05,0.01,0.07,0.05,0.07
172,Fernando\Fernando,br BRA,MF,Sevilla,33,1987,31,28,2546,28.3,3,4,3,0,0,6,0,0.11,0.14,0.25,0.11,0.25,0.7,0.7,3.4,4.1,0.02,0.12,0.14,0.02,0.14
173,David Ferreiro\David-Ferreiro,es ESP,MFFW,Huesca,32,1988,37,29,2527,28.1,2,4,2,0,0,5,0,0.07,0.14,0.21,0.07,0.21,1.9,1.9,5.5,7.4,0.07,0.19,0.26,0.07,0.26
174,Facundo Ferreyra\Facundo-Ferreyra,ar ARG,FW,Celta Vigo,29,1991,13,2,300,3.3,1,0,1,0,0,5,1,0.30,0.00,0.30,0.30,0.30,1.4,1.4,0.0,1.4,0.43,0.00,0.43,0.43,0.43
175,Fidel\Fidel,es ESP,MFDF,Elche,30,1989,30,28,2396,26.6,6,3,4,2,3,8,0,0.23,0.11,0.34,0.15,0.26,4.1,1.9,5.1,6.9,0.16,0.19,0.35,0.07,0.26
176,Junior Firpo\Junior-Firpo,es ESP,DF,Barcelona,23,1996,7,3,289,3.2,1,1,1,0,0,2,0,0.31,0.31,0.62,0.31,0.62,0.8,0.8,0.7,1.5,0.26,0.21,0.47,0.26,0.47
177,Kingsley Fobi\Kingsley-Fobi,gh GHA,DF,Granada,21,1998,1,0,45,0.5,0,0,0,0,0,0,0,0.00,0.00,0.00,0.00,0.00,0.0,0.0,0.0,0.0,0.00,0.00,0.00,0.00,0.00
178,Ramón Folch\Ramon-Folch,es ESP,MF,Elche,30,1989,1,0,1,0.0,0,0,0,0,0,0,0,0.00,0.00,0.00,0.00,0.00,0.0,0.0,0.0,0.0,0.00,0.00,0.00,0.00,0.00
179,José Fontán\Jose-Fontan,es ESP,DF,Celta Vigo,20,2000,14,7,652,7.2,0,0,0,0,0,3,1,0.00,0.00,0.00,0.00,0.00,0.6,0.6,0.0,0.6,0.08,0.00,0.08,0.08,0.08
180,Dimitri Foulquier\Dimitri-Foulquier,fr FRA,DF,Granada,27,1993,32,32,2663,29.6,0,4,0,0,0,7,0,0.00,0.14,0.14,0.00,0.14,0.3,0.3,1.8,2.1,0.01,0.06,0.07,0.01,0.07
181,Juan Foyth\Juan-Foyth,ar ARG,DFMF,Villarreal,22,1998,16,13,1168,13.0,0,0,0,0,0,6,0,0.00,0.00,0.00,0.00,0.00,0.1,0.1,0.2,0.3,0.01,0.02,0.02,0.01,0.02
182,Jorge de Frutos\Jorge-de-Frutos,es ESP,MFFW,Levante,23,1997,37,22,2186,24.3,4,9,4,0,0,3,0,0.16,0.37,0.54,0.16,0.54,3.3,3.3,5.3,8.6,0.13,0.22,0.35,0.13,0.35
183,Ramiro Funes Mori\Ramiro-Funes-Mori,ar ARG,DF,Villarreal,29,1991,10,8,727,8.1,0,0,0,0,0,1,0,0.00,0.00,0.00,0.00,0.00,1.2,1.2,0.0,1.2,0.15,0.00,0.15,0.15,0.15
184,Javi Galán\Javi-Galan,es ESP,DF,Huesca,25,1994,37,34,3065,34.1,1,2,1,0,0,5,0,0.03,0.06,0.09,0.03,0.09,0.2,0.2,3.1,3.3,0.01,0.09,0.10,0.01,0.10
185,Enric Gallego\Enric-Gallego,es ESP,FW,Osasuna,33,1986,22,8,806,9.0,0,2,0,0,0,2,0,0.00,0.22,0.22,0.00,0.22,1.5,1.5,0.7,2.1,0.16,0.07,0.24,0.16,0.24
186,Kévin Gameiro\Kevin-Gameiro,fr FRA,FW,Valencia,33,1987,27,10,1077,12.0,4,1,4,0,0,0,0,0.33,0.08,0.42,0.33,0.42,3.4,3.4,1.2,4.6,0.29,0.10,0.38,0.29,0.38
187,Aleix García\Aleix-Garcia,es ESP,MF,Eibar,23,1997,11,5,437,4.9,0,1,0,0,0,1,0,0.00,0.21,0.21,0.00,0.21,0.4,0.4,0.8,1.2,0.07,0.17,0.24,0.07,0.24
188,Borja García\Borja-Garcia,es ESP,MFFW,Huesca,29,1990,21,13,1117,12.4,1,0,1,0,0,0,0,0.08,0.00,0.08,0.08,0.08,1.3,1.3,1.2,2.5,0.10,0.10,0.20,0.10,0.20
189,Dani García\Dani-Garcia,es ESP,MF,Athletic Club,30,1990,27,21,1920,21.3,0,1,0,0,0,8,0,0.00,0.05,0.05,0.00,0.05,0.4,0.4,0.4,0.8,0.02,0.02,0.04,0.02,0.04
190,David García\David-Garcia,es ESP,DF,Osasuna,26,1994,35,35,3150,35.0,1,0,1,0,0,8,0,0.03,0.00,0.03,0.03,0.03,1.5,1.5,0.3,1.8,0.04,0.01,0.05,0.04,0.05
191,Manu García\Manu-Garcia,es ESP,MF,Alavés,34,1986,25,10,1124,12.5,0,0,0,0,0,9,1,0.00,0.00,0.00,0.00,0.00,0.7,0.7,0.3,1.0,0.06,0.02,0.08,0.06,0.08
192,Raúl García\Raul-Garcia,es ESP,FWMF,Athletic Club,34,1986,34,21,1743,19.4,5,1,3,2,3,8,2,0.26,0.05,0.31,0.15,0.21,6.4,4.1,1.3,5.4,0.33,0.07,0.40,0.21,0.28
193,Raúl García\Raul-Garcia,es ESP,DFMF,Valladolid,31,1989,8,5,504,5.6,1,0,1,0,0,2,0,0.18,0.00,0.18,0.18,0.18,0.1,0.1,0.2,0.4,0.02,0.04,0.07,0.02,0.07
194,Rubén García\Ruben-Garcia,es ESP,MFFW,Osasuna,27,1993,37,33,2718,30.2,3,5,2,1,1,2,0,0.10,0.17,0.26,0.07,0.23,3.4,2.7,5.1,7.8,0.11,0.17,0.28,0.09,0.26
195,Sergi García\Sergi-Garcia,es ESP,MF,Alavés,21,1999,2,0,16,0.2,0,0,0,0,0,0,0,0.00,0.00,0.00,0.00,0.00,0.0,0.0,0.0,0.0,0.00,0.00,0.00,0.00,0.00
196,Unai García\Unai-Garcia,es ESP,DF,Osasuna,28,1992,17,13,1242,13.8,0,0,0,0,0,3,0,0.00,0.00,0.00,0.00,0.00,0.5,0.5,0.2,0.7,0.04,0.02,0.05,0.04,0.05
197,Mario Gaspar\Mario-Gaspar,es ESP,DF,Villarreal,29,1990,24,21,1851,20.6,0,2,0,0,0,3,1,0.00,0.10,0.10,0.00,0.10,0.8,0.8,1.7,2.5,0.04,0.08,0.12,0.04,0.12
198,Paulo Gazzaniga\Paulo-Gazzaniga,ar ARG,GK,Elche,28,1992,8,8,720,8.0,0,0,0,0,0,3,0,0.00,0.00,0.00,0.00,0.00,0.0,0.0,0.1,0.1,0.00,0.01,0.01,0.00,0.01
199,David Gil\David-Gil,es ESP,GK,Cádiz,26,1994,4,4,360,4.0,0,0,0,0,0,0,0,0.00,0.00,0.00,0.00,0.00,0.0,0.0,0.0,0.0,0.00,0.00,0.00,0.00,0.00
200,Álvaro Giménez\Alvaro-Gimenez,es ESP,FWMF,Cádiz,29,1991,11,3,407,4.5,2,1,2,0,0,0,0,0.44,0.22,0.66,0.44,0.66,1.4,1.4,0.0,1.4,0.31,0.01,0.32,0.31,0.32
201,Dani Gómez\Dani-Gomez,es ESP,FW,Levante,22,1998,34,17,1666,18.5,2,2,2,0,0,3,0,0.11,0.11,0.22,0.11,0.22,3.1,3.1,1.1,4.2,0.17,0.06,0.22,0.17,0.22
202,Ibai Gómez\Ibai-Gomez,es ESP,MF,Athletic Club,30,1989,13,4,424,4.7,0,1,0,0,0,0,0,0.00,0.21,0.21,0.00,0.21,0.2,0.2,0.7,0.9,0.04,0.14,0.18,0.04,0.18
203,Maxi Gómez\Maxi-Gomez,uy URU,FW,Valencia,23,1996,31,31,2689,29.9,7,1,7,0,0,7,1,0.23,0.03,0.27,0.23,0.27,6.8,6.8,0.9,7.8,0.23,0.03,0.26,0.23,0.26
204,Moi Gómez\Moi-Gomez,es ESP,MFFW,Villarreal,26,1994,35,29,2563,28.5,4,0,3,1,1,1,0,0.14,0.00,0.14,0.11,0.11,4.2,3.5,2.5,6.0,0.15,0.09,0.24,0.12,0.21
205,Papu Gómez\Papu-Gomez,ar ARG,MFFW,Sevilla,32,1988,18,11,914,10.2,3,1,3,0,0,0,0,0.30,0.10,0.39,0.30,0.39,1.2,1.2,1.1,2.3,0.12,0.11,0.22,0.12,0.22
206,Sergi Gómez\Sergi-Gomez,es ESP,DF,Sevilla,28,1992,9,9,719,8.0,0,0,0,0,0,2,0,0.00,0.00,0.00,0.00,0.00,0.0,0.0,0.0,0.0,0.00,0.00,0.00,0.00,0.00
207,Sergio Gómez\Sergio-Gomez,es ESP,MFFW,Huesca,19,2000,29,4,792,8.8,0,1,0,0,0,1,0,0.00,0.11,0.11,0.00,0.11,0.6,0.6,1.2,1.8,0.07,0.14,0.21,0.07,0.21
208,Maxime Gonalons\Maxime-Gonalons,fr FRA,MF,Granada,31,1989,25,18,1480,16.4,0,1,0,0,0,7,1,0.00,0.06,0.06,0.00,0.06,0.1,0.1,0.6,0.7,0.01,0.03,0.04,0.01,0.04
209,Bruno González\Bruno-Gonzalez,es ESP,DF,Valladolid,30,1990,27,25,2263,25.1,1,0,1,0,0,8,0,0.04,0.00,0.04,0.04,0.04,0.3,0.3,0.0,0.3,0.01,0.00,0.01,0.01,0.01
210,Diego González\Diego-Gonzalez,es ESP,DF,Elche,25,1995,19,15,1280,14.2,1,0,1,0,0,5,0,0.07,0.00,0.07,0.07,0.07,0.5,0.5,0.1,0.6,0.04,0.00,0.04,0.04,0.04
211,Sergio González\Sergio-Gonzalez,es ESP,MF,Cádiz,23,1997,1,1,90,1.0,0,0,0,0,0,0,0,0.00,0.00,0.00,0.00,0.00,0.0,0.0,0.0,0.0,0.02,0.02,0.04,0.02,0.04
212,Urko González\Urko-Gonzalez,es ESP,MF,Real Sociedad,19,2001,2,1,47,0.5,0,0,0,0,0,1,0,0.00,0.00,0.00,0.00,0.00,0.0,0.0,0.0,0.0,0.00,0.07,0.07,0.00,0.07
213,Andoni Gorosabel\Andoni-Gorosabel,es ESP,DF,Real Sociedad,23,1996,32,28,2382,26.5,0,1,0,0,0,3,0,0.00,0.04,0.04,0.00,0.04,0.6,0.6,2.4,3.0,0.02,0.09,0.11,0.02,0.11
214,Antoine Griezmann\Antoine-Griezmann,fr FRA,FWMF,Barcelona,29,1991,36,32,2604,28.9,13,7,12,1,2,4,0,0.45,0.24,0.69,0.41,0.66,13.9,12.4,5.6,18.0,0.48,0.19,0.67,0.43,0.62
215,Andrés Guardado\Andres-Guardado,mx MEX,MF,Betis,33,1986,24,17,1318,14.6,1,0,1,0,0,4,0,0.07,0.00,0.07,0.07,0.07,0.4,0.4,0.5,0.9,0.02,0.04,0.06,0.02,0.06
216,Sergi Guardiola\Sergi-Guardiola,es ESP,FW,Valladolid,29,1991,29,19,1795,19.9,1,2,0,1,2,5,0,0.05,0.10,0.15,0.00,0.10,5.0,3.5,1.6,5.1,0.25,0.08,0.33,0.18,0.25
217,Nemanja Gudelj\Nemanja-Gudelj,rs SRB,MFDF,Sevilla,28,1991,30,10,1041,11.6,0,0,0,0,0,8,0,0.00,0.00,0.00,0.00,0.00,0.2,0.2,0.0,0.2,0.02,0.00,0.02,0.02,0.02
218,Gonçalo Guedes\Goncalo-Guedes,pt POR,MFFW,Valencia,23,1996,31,27,2287,25.4,5,5,5,0,0,3,1,0.20,0.20,0.39,0.20,0.39,3.4,3.4,3.6,7.1,0.14,0.14,0.28,0.14,0.28
219,Ander Guevara\Ander-Guevara,es ESP,MF,Real Sociedad,23,1997,31,25,2081,23.1,1,1,1,0,0,5,0,0.04,0.04,0.09,0.04,0.09,0.5,0.5,0.8,1.3,0.02,0.03,0.06,0.02,0.06
220,John Guidetti\John-Guidetti,se SWE,FWMF,Alavés,28,1992,10,1,208,2.3,1,0,1,0,0,1,0,0.43,0.00,0.43,0.43,0.43,1.1,1.1,0.0,1.1,0.48,0.01,0.49,0.48,0.49
221,Hugo Guillamón\Hugo-Guillamon,es ESP,DF,Valencia,20,2000,25,21,1988,22.1,1,0,1,0,0,8,0,0.05,0.00,0.05,0.05,0.05,0.5,0.5,0.0,0.5,0.02,0.00,0.02,0.02,0.02
222,Jon Guridi\Jon-Guridi,es ESP,MF,Real Sociedad,25,1995,17,8,831,9.2,0,1,0,0,0,2,0,0.00,0.11,0.11,0.00,0.11,0.8,0.8,0.7,1.5,0.08,0.08,0.16,0.08,0.16
223,Raúl Guti\Raul-Guti,es ESP,MF,Elche,23,1996,36,33,2862,31.8,3,1,3,0,0,4,1,0.09,0.03,0.13,0.09,0.13,1.5,1.5,0.6,2.1,0.05,0.02,0.07,0.05,0.07
224,Marcos Mauro López Gutiérrez\Marcos-Mauro-Lopez-Gutierrez,ar ARG,DF,Cádiz,29,1991,24,22,1825,20.3,2,0,2,0,0,2,1,0.10,0.00,0.10,0.10,0.10,1.5,1.5,0.1,1.5,0.07,0.00,0.08,0.07,0.08
225,Miguel Gutiérrez\Miguel-Gutierrez,es ESP,DF,Real Madrid,19,2001,6,3,316,3.5,0,1,0,0,0,0,0,0.00,0.28,0.28,0.00,0.28,0.0,0.0,0.2,0.2,0.00,0.06,0.06,0.00,0.06
226,Munir El Haddadi\Munir-El-Haddadi,ma MAR,FW,Sevilla,24,1995,24,9,845,9.4,4,2,4,0,0,2,0,0.43,0.21,0.64,0.43,0.64,3.5,3.5,1.6,5.1,0.37,0.17,0.55,0.37,0.55
227,Eden Hazard\Eden-Hazard,be BEL,FWMF,Real Madrid,29,1991,14,7,532,5.9,3,2,3,0,0,0,0,0.51,0.34,0.85,0.51,0.85,1.6,1.6,0.8,2.4,0.27,0.14,0.40,0.27,0.40
228,Mario Hermoso\Mario-Hermoso,es ESP,DF,Atlético Madrid,25,1995,31,30,2578,28.6,1,1,1,0,0,6,0,0.03,0.03,0.07,0.03,0.07,1.2,1.2,0.4,1.6,0.04,0.02,0.06,0.04,0.06
229,Aridane Hernández\Aridane-Hernandez,gq EQG,DF,Osasuna,31,1989,24,24,2026,22.5,0,0,0,0,0,3,1,0.00,0.00,0.00,0.00,0.00,0.1,0.1,0.5,0.6,0.00,0.02,0.03,0.00,0.03
230,Héctor Herrera\Hector-Herrera,mx MEX,MF,Atlético Madrid,30,1990,16,8,682,7.6,0,1,0,0,0,2,0,0.00,0.13,0.13,0.00,0.13,0.2,0.2,0.3,0.6,0.03,0.04,0.08,0.03,0.08
231,Sergio Herrera\Sergio-Herrera,es ESP,GK,Osasuna,27,1993,33,32,2958,32.9,0,0,0,0,0,2,0,0.00,0.00,0.00,0.00,0.00,0.0,0.0,0.0,0.0,0.00,0.00,0.00,0.00,0.00
232,Yangel Herrera\Yangel-Herrera,ve VEN,MF,Granada,22,1998,32,25,2310,25.7,3,1,3,0,0,7,0,0.12,0.04,0.16,0.12,0.16,1.9,1.9,1.1,3.0,0.07,0.04,0.12,0.07,0.12
233,Pablo Hervías\Pablo-Hervias,es ESP,DFMF,Valladolid,27,1993,27,10,1204,13.4,0,5,0,0,0,1,0,0.00,0.37,0.37,0.00,0.37,0.5,0.5,3.4,3.8,0.04,0.25,0.29,0.04,0.29
234,Jordan Holsgrove\Jordan-Holsgrove,sco SCO,MF,Celta Vigo,20,1999,5,0,145,1.6,0,0,0,0,0,0,0,0.00,0.00,0.00,0.00,0.00,0.1,0.1,0.0,0.1,0.05,0.02,0.07,0.05,0.07
235,Vicente Iborra\Vicente-Iborra,es ESP,MF,Villarreal,32,1988,13,10,928,10.3,0,0,0,0,0,4,0,0.00,0.00,0.00,0.00,0.00,0.2,0.2,0.2,0.3,0.02,0.02,0.03,0.02,0.03
236,Oussama Idrissi\Oussama-Idrissi,ma MAR,FWMF,Sevilla,24,1996,3,0,27,0.3,0,0,0,0,0,0,0,0.00,0.00,0.00,0.00,0.00,0.3,0.3,0.0,0.3,0.96,0.00,0.96,0.96,0.96
237,Iglesias\Iglesias,es ESP,DFMF,Getafe,22,1998,10,7,605,6.7,0,0,0,0,0,2,0,0.00,0.00,0.00,0.00,0.00,0.1,0.1,0.3,0.4,0.02,0.05,0.06,0.02,0.06
238,Borja Iglesias\Borja-Iglesias,es ESP,FW,Betis,27,1993,28,15,1411,15.7,11,0,6,5,5,2,0,0.70,0.00,0.70,0.38,0.38,7.7,3.9,0.5,4.4,0.49,0.03,0.52,0.25,0.28
239,Ilaix\Ilaix,es ESP,MF,Barcelona,17,2003,14,4,542,6.0,1,2,1,0,0,1,0,0.17,0.33,0.50,0.17,0.50,1.2,1.2,0.8,2.0,0.19,0.14,0.33,0.19,0.33
240,Asier Illarramendi\Asier-Illarramendi,es ESP,MF,Real Sociedad,30,1990,6,6,337,3.7,0,0,0,0,0,2,0,0.00,0.00,0.00,0.00,0.00,0.0,0.0,0.0,0.0,0.00,0.01,0.01,0.00,0.01
241,Pablo Insua\Pablo-Insua,es ESP,DF,Huesca,26,1993,20,17,1587,17.6,0,0,0,0,0,9,0,0.00,0.00,0.00,0.00,0.00,0.1,0.1,0.1,0.2,0.01,0.00,0.01,0.01,0.01
242,Takashi Inui\Takashi-Inui,jp JPN,MFFW,Eibar,32,1988,28,22,1819,20.2,1,0,1,0,0,0,0,0.05,0.00,0.05,0.05,0.05,2.4,2.4,1.9,4.3,0.12,0.09,0.21,0.12,0.21
243,Alexander Isak\Alexander-Isak,se SWE,FW,Real Sociedad,20,1999,34,30,2340,26.0,17,2,17,0,1,4,0,0.65,0.08,0.73,0.65,0.73,15.5,14.7,2.3,17.0,0.60,0.09,0.68,0.57,0.66
244,Isco\Isco,es ESP,MFFW,Real Madrid,28,1992,25,8,908,10.1,0,2,0,0,0,1,0,0.00,0.20,0.20,0.00,0.20,1.8,1.8,1.7,3.5,0.18,0.17,0.35,0.18,0.35
245,Jairo Izquierdo\Jairo-Izquierdo,es ESP,MFDF,Cádiz,26,1993,30,11,1277,14.2,1,0,1,0,0,4,0,0.07,0.00,0.07,0.07,0.07,0.8,0.8,0.9,1.8,0.06,0.07,0.12,0.06,0.12
246,Saidy Janko\Saidy-Janko,ch SUI,DF,Valladolid,24,1995,19,14,1220,13.6,0,1,0,0,0,4,0,0.00,0.07,0.07,0.00,0.07,0.4,0.4,0.4,0.8,0.03,0.03,0.06,0.03,0.06
247,Adnan Januzaj\Adnan-Januzaj,be BEL,FWMF,Real Sociedad,25,1995,27,12,1014,11.3,4,5,1,3,3,2,0,0.36,0.44,0.80,0.09,0.53,5.1,2.8,4.4,7.2,0.45,0.39,0.85,0.25,0.64
248,Jason\Jason,es ESP,MFDF,Valencia,26,1994,17,4,441,4.9,0,0,0,0,0,4,1,0.00,0.00,0.00,0.00,0.00,0.2,0.2,0.6,0.8,0.03,0.12,0.16,0.03,0.16
249,Luis Javier Suárez\Luis-Javier-Suarez,co COL,FWMF,Granada,22,1997,27,18,1666,18.5,5,1,5,0,0,6,0,0.27,0.05,0.32,0.27,0.32,6.7,6.7,1.4,8.0,0.36,0.07,0.43,0.36,0.43
250,Joaquín\Joaquin,es ESP,FWMF,Betis,39,1981,27,16,1291,14.3,2,6,2,0,0,2,0,0.14,0.42,0.56,0.14,0.56,1.0,1.0,2.5,3.5,0.07,0.18,0.24,0.07,0.24
251,John Joe\John-Joe,ie IRL,MFDF,Getafe,16,2003,6,0,65,0.7,0,0,0,0,0,0,0,0.00,0.00,0.00,0.00,0.00,0.1,0.1,0.0,0.1,0.18,0.00,0.18,0.18,0.18
252,Frenkie de Jong\Frenkie-de-Jong,nl NED,MFDF,Barcelona,23,1997,37,35,3154,35.0,3,4,3,0,0,5,0,0.09,0.11,0.20,0.09,0.20,5.5,5.5,5.5,11.0,0.16,0.16,0.31,0.16,0.31
253,Luuk de Jong\Luuk-de-Jong,nl NED,FW,Sevilla,29,1990,34,14,1268,14.1,4,0,4,0,0,3,0,0.28,0.00,0.28,0.28,0.28,3.8,3.8,1.1,4.9,0.27,0.08,0.35,0.27,0.35
254,Jony\Jony,es ESP,MFFW,Osasuna,29,1991,22,9,871,9.7,0,2,0,0,0,0,0,0.00,0.21,0.21,0.00,0.21,0.7,0.7,2.3,3.0,0.07,0.24,0.31,0.07,0.31
255,Joan Jordán\Joan-Jordan,es ESP,MF,Sevilla,26,1994,35,28,2406,26.7,1,6,1,0,0,8,1,0.04,0.22,0.26,0.04,0.26,1.5,1.5,2.8,4.3,0.05,0.11,0.16,0.05,0.16
256,Josan\Josan,es ESP,MFDF,Elche,30,1989,33,24,1926,21.4,4,2,4,0,0,3,0,0.19,0.09,0.28,0.19,0.28,1.7,1.7,1.6,3.3,0.08,0.07,0.15,0.08,0.15
257,Willian José\Willian-Jose,br BRA,FW,Real Sociedad,28,1991,13,8,689,7.7,3,1,3,0,1,0,0,0.39,0.13,0.52,0.39,0.52,4.3,3.5,0.9,4.4,0.56,0.11,0.67,0.46,0.58
258,Joselu\Joselu,es ESP,FW,Alavés,30,1990,37,34,3026,33.6,11,3,9,2,4,1,0,0.33,0.09,0.42,0.27,0.36,13.7,10.6,3.0,13.6,0.41,0.09,0.50,0.32,0.41
259,Josema\Josema,es ESP,DF,Elche,24,1996,29,21,1966,21.8,0,1,0,0,0,3,0,0.00,0.05,0.05,0.00,0.05,0.3,0.3,0.6,0.8,0.01,0.03,0.04,0.01,0.04
260,Jota\Jota,es ESP,MF,Alavés,29,1991,23,18,1398,15.5,0,2,0,0,0,5,1,0.00,0.13,0.13,0.00,0.13,0.9,0.9,1.9,2.8,0.06,0.12,0.18,0.06,0.18
261,Jota\Jota,pt POR,FW,Valladolid,21,1999,17,7,668,7.4,1,0,1,0,0,1,0,0.13,0.00,0.13,0.13,0.13,,,,,,,,,
262,Luka Jović\Luka-Jovic,rs SRB,FWMF,Real Madrid,22,1997,4,2,149,1.7,0,0,0,0,0,0,0,0.00,0.00,0.00,0.00,0.00,1.1,1.1,0.1,1.2,0.67,0.08,0.75,0.67,0.75
263,Juanmi\Juanmi,es ESP,FWMF,Betis,27,1993,16,5,604,6.7,2,0,2,0,0,1,0,0.30,0.00,0.30,0.30,0.30,3.0,3.0,0.1,3.1,0.45,0.01,0.46,0.45,0.46
264,Vinicius Júnior\Vinicius-Junior,br BRA,FW,Real Madrid,20,2000,35,22,1969,21.9,3,3,3,0,0,3,0,0.14,0.14,0.27,0.14,0.27,6.5,6.5,3.1,9.6,0.30,0.14,0.44,0.30,0.44
265,Jens Jønsson\Jens-Jonsson,dk DEN,MF,Cádiz,27,1993,35,33,2615,29.1,0,0,0,0,0,6,0,0.00,0.00,0.00,0.00,0.00,0.8,0.8,1.7,2.5,0.03,0.06,0.09,0.03,0.09
266,Damian Kądzior\Damian-Kadzior,pl POL,FWMF,Eibar,28,1992,6,2,195,2.2,0,0,0,0,0,0,0,0.00,0.00,0.00,0.00,0.00,0.1,0.1,0.0,0.1,0.05,0.01,0.06,0.05,0.06
267,Lee Kangin\Lee-Kangin,kr KOR,FWMF,Valencia,19,2001,24,15,1262,14.0,0,4,0,0,0,1,0,0.00,0.29,0.29,0.00,0.29,1.2,1.2,2.5,3.8,0.09,0.18,0.27,0.09,0.27
268,Stephane Keller\Stephane-Keller,cm CMR,DF,Alavés,18,2001,1,0,16,0.2,0,0,0,0,0,0,0,0.00,0.00,0.00,0.00,0.00,0.0,0.0,0.0,0.0,0.00,0.00,0.00,0.00,0.00
269,Kenedy\Kenedy,br BRA,FWMF,Granada,24,1996,28,18,1471,16.3,4,3,4,0,0,3,0,0.24,0.18,0.43,0.24,0.43,2.1,2.1,2.6,4.7,0.13,0.16,0.29,0.13,0.29
270,Kike\Kike,es ESP,FW,Eibar,30,1989,37,36,3087,34.3,12,2,12,0,0,4,1,0.35,0.06,0.41,0.35,0.41,10.7,10.7,2.1,12.8,0.31,0.06,0.37,0.31,0.37
271,Giorgi Kochorashvili\Giorgi-Kochorashvili,ge GEO,MF,Levante,21,1999,3,0,23,0.3,0,0,0,0,0,0,0,0.00,0.00,0.00,0.00,0.00,0.0,0.0,0.0,0.0,0.03,0.15,0.18,0.03,0.18
272,Kenan Kodro\Kenan-Kodro,ba BIH,FW,Valladolid,26,1993,14,4,459,5.1,0,0,0,0,0,1,0,0.00,0.00,0.00,0.00,0.00,1.1,1.1,0.1,1.2,0.21,0.03,0.24,0.21,0.24
273,Kenan Kodro\Kenan-Kodro,ba BIH,FWMF,Athletic Club,26,1993,3,0,44,0.5,1,0,0,1,1,1,0,2.05,0.00,2.05,0.00,0.00,0.8,0.0,0.0,0.0,1.60,0.00,1.60,0.04,0.04
274,Koba Koindredi\Koba-Koindredi,fr FRA,MF,Valencia,18,2001,2,0,15,0.2,0,0,0,0,0,0,0,0.00,0.00,0.00,0.00,0.00,0.0,0.0,0.0,0.0,0.00,0.00,0.00,0.00,0.00
275,Koke\Koke,es ESP,MF,Atlético Madrid,28,1992,37,34,3021,33.6,1,2,1,0,0,9,0,0.03,0.06,0.09,0.03,0.09,1.9,1.9,2.6,4.5,0.06,0.08,0.13,0.06,0.13
276,Geoffrey Kondogbia\Geoffrey-Kondogbia,cf CTA,MF,Valencia,27,1993,5,5,440,4.9,0,0,0,0,0,1,0,0.00,0.00,0.00,0.00,0.00,0.1,0.1,0.0,0.1,0.01,0.00,0.01,0.01,0.01
277,Geoffrey Kondogbia\Geoffrey-Kondogbia,cf CTA,MFFW,Atlético Madrid,27,1993,25,4,611,6.8,0,0,0,0,0,4,0,0.00,0.00,0.00,0.00,0.00,0.2,0.2,0.3,0.4,0.02,0.04,0.07,0.02,0.07
278,Youssouf Koné\Youssouf-Kone,ml MLI,DFFW,Elche,25,1995,3,1,73,0.8,0,0,0,0,0,0,0,0.00,0.00,0.00,0.00,0.00,0.0,0.0,0.0,0.0,0.00,0.00,0.00,0.00,0.00
279,Jules Koundé\Jules-Kounde,fr FRA,DF,Sevilla,21,1998,34,33,2975,33.1,2,1,2,0,0,4,0,0.06,0.03,0.09,0.06,0.09,2.1,2.1,0.7,2.8,0.06,0.02,0.08,0.06,0.08
280,Toni Kroos\Toni-Kroos,de GER,MF,Real Madrid,30,1990,28,24,2117,23.5,3,10,3,0,0,6,0,0.13,0.43,0.55,0.13,0.55,2.2,2.2,6.7,8.9,0.09,0.28,0.38,0.09,0.38
281,Takefusa Kubo\Takefusa-Kubo,jp JPN,MFFW,Villarreal,19,2001,13,2,299,3.3,0,0,0,0,0,2,1,0.00,0.00,0.00,0.00,0.00,1.4,1.4,0.5,1.9,0.41,0.16,0.57,0.41,0.57
282,Takefusa Kubo\Takefusa-Kubo,jp JPN,MFFW,Getafe,19,2001,18,8,805,8.9,1,1,1,0,0,2,0,0.11,0.11,0.22,0.11,0.22,0.9,0.9,0.8,1.7,0.10,0.09,0.19,0.10,0.19
283,Kuki\Kuki,es ESP,MF,Valladolid,22,1998,2,0,30,0.3,0,1,0,0,0,0,0,0.00,3.00,3.00,0.00,3.00,0.0,0.0,0.1,0.1,0.00,0.16,0.16,0.00,0.16
284,Víctor Laguardia\Victor-Laguardia,es ESP,DF,Alavés,30,1989,32,30,2631,29.2,0,1,0,0,0,5,1,0.00,0.03,0.03,0.00,0.03,1.1,1.1,1.0,2.1,0.04,0.03,0.07,0.04,0.07
285,Diego Lainez\Diego-Lainez,mx MEX,FW,Betis,20,2000,21,8,862,9.6,0,2,0,0,0,5,0,0.00,0.21,0.21,0.00,0.21,0.9,0.9,0.9,1.8,0.10,0.09,0.19,0.10,0.19
286,Toni Lato\Toni-Lato,es ESP,DF,Valencia,22,1997,15,8,728,8.1,1,0,1,0,0,3,0,0.12,0.00,0.12,0.12,0.12,1.0,1.0,0.3,1.3,0.12,0.04,0.16,0.12,0.16
287,Lauti\Lauti,uy URU,MFFW,Celta Vigo,19,2001,1,0,14,0.2,0,0,0,0,0,0,0,0.00,0.00,0.00,0.00,0.00,0.0,0.0,0.0,0.0,0.00,0.00,0.00,0.00,0.00
288,Robin Le Normand\Robin-Le-Normand,fr FRA,DF,Real Sociedad,23,1996,33,30,2747,30.5,0,1,0,0,0,5,1,0.00,0.03,0.03,0.00,0.03,2.0,2.0,0.1,2.1,0.07,0.00,0.07,0.07,0.07
289,Jeremías Ledesma\Jeremias-Ledesma,ar ARG,GK,Cádiz,27,1993,32,32,2880,32.0,0,0,0,0,0,0,0,0.00,0.00,0.00,0.00,0.00,0.0,0.0,0.0,0.0,0.00,0.00,0.00,0.00,0.00
290,Florian Lejeune\Florian-Lejeune,fr FRA,DF,Alavés,29,1991,34,34,3015,33.5,1,1,1,0,0,10,0,0.03,0.03,0.06,0.03,0.06,2.2,2.2,0.3,2.5,0.06,0.01,0.07,0.06,0.07
291,Iñigo Lekue\Inigo-Lekue,es ESP,DF,Athletic Club,27,1993,18,5,644,7.2,0,0,0,0,0,1,0,0.00,0.00,0.00,0.00,0.00,0.1,0.1,0.4,0.5,0.01,0.06,0.07,0.01,0.07
292,Thomas Lemar\Thomas-Lemar,fr FRA,MF,Atlético Madrid,24,1995,27,19,1366,15.2,1,3,1,0,0,4,0,0.07,0.20,0.26,0.07,0.26,1.3,1.3,2.0,3.3,0.09,0.13,0.22,0.09,0.22
293,Clément Lenglet\Clement-Lenglet,fr FRA,DF,Barcelona,25,1995,33,29,2475,27.5,1,0,1,0,0,11,2,0.04,0.00,0.04,0.04,0.04,1.4,1.4,0.9,2.3,0.05,0.03,0.08,0.05,0.08
294,Pedro León\Pedro-Leon,es ESP,MFFW,Eibar,33,1986,24,10,935,10.4,1,2,1,0,0,2,0,0.10,0.19,0.29,0.10,0.29,1.3,1.3,2.3,3.5,0.12,0.22,0.34,0.12,0.34
295,Sergio León\Sergio-Leon,es ESP,FW,Levante,31,1989,28,6,748,8.3,2,0,2,0,0,0,0,0.24,0.00,0.24,0.24,0.24,2.3,2.3,0.3,2.7,0.28,0.04,0.32,0.28,0.32
296,Diego Llorente\Diego-Llorente,es ESP,DF,Real Sociedad,26,1993,1,1,90,1.0,0,0,0,0,0,0,0,0.00,0.00,0.00,0.00,0.00,0.0,0.0,0.0,0.0,0.00,0.00,0.00,0.00,0.00
297,Marcos Llorente\Marcos-Llorente,es ESP,MFDF,Atlético Madrid,25,1995,37,33,2956,32.8,12,11,12,0,0,6,0,0.37,0.33,0.70,0.37,0.70,4.3,4.3,5.2,9.5,0.13,0.16,0.29,0.13,0.29
298,Renan Lodi\Renan-Lodi,br BRA,DF,Atlético Madrid,22,1998,23,11,1129,12.5,1,2,1,0,0,3,0,0.08,0.16,0.24,0.08,0.24,0.7,0.7,1.1,1.9,0.06,0.09,0.15,0.06,0.15
299,Pedro López Muñoz\Pedro-Lopez-Munoz,es ESP,DF,Huesca,36,1983,22,10,1067,11.9,0,1,0,0,0,2,0,0.00,0.08,0.08,0.00,0.08,0.1,0.1,0.8,0.8,0.01,0.06,0.07,0.01,0.07
300,Adrián López\Adrian-Lopez,es ESP,FWMF,Osasuna,32,1988,17,5,481,5.3,1,1,1,0,0,0,0,0.19,0.19,0.37,0.19,0.37,1.3,1.3,0.8,2.1,0.24,0.15,0.39,0.24,0.39
301,Javi López\Javi-Lopez,es ESP,DFMF,Alavés,18,2002,9,1,248,2.8,0,0,0,0,0,1,1,0.00,0.00,0.00,0.00,0.00,0.1,0.1,0.1,0.2,0.03,0.04,0.07,0.03,0.07
302,Roberto López\Roberto-Lopez,es ESP,MFFW,Real Sociedad,20,2000,17,4,505,5.6,3,0,3,0,0,0,0,0.53,0.00,0.53,0.53,0.53,1.0,1.0,1.7,2.7,0.17,0.30,0.47,0.17,0.47
303,Unai López\Unai-Lopez,es ESP,MF,Athletic Club,24,1995,26,15,1424,15.8,3,0,3,0,0,7,0,0.19,0.00,0.19,0.19,0.19,1.2,1.2,1.2,2.4,0.08,0.08,0.15,0.08,0.15
304,Anthony Lozano\Anthony-Lozano,hn HON,FWMF,Cádiz,27,1993,29,18,1523,16.9,3,1,3,0,0,5,0,0.18,0.06,0.24,0.18,0.24,5.4,5.4,1.0,6.3,0.32,0.06,0.37,0.32,0.37
305,Jeison Lucumí\Jeison-Lucumi,co COL,FW,Elche,25,1995,2,1,49,0.5,0,0,0,0,0,0,0,0.00,0.00,0.00,0.00,0.00,0.0,0.0,0.0,0.0,0.00,0.00,0.00,0.00,0.00
306,José Luis Gayà\Jose-Luis-Gaya,es ESP,DF,Valencia,25,1995,33,32,2846,31.6,1,7,1,0,0,6,0,0.03,0.22,0.25,0.03,0.25,1.9,1.9,4.7,6.6,0.06,0.15,0.21,0.06,0.21
307,José Luis Morales\Jose-Luis-Morales,es ESP,FWMF,Levante,33,1987,38,30,2439,27.1,13,3,13,0,1,3,0,0.48,0.11,0.59,0.48,0.59,8.3,7.5,3.6,11.1,0.31,0.13,0.44,0.28,0.41
308,Luisinho\Luisinho,pt POR,DF,Huesca,35,1985,5,2,179,2.0,0,0,0,0,0,1,0,0.00,0.00,0.00,0.00,0.00,0.0,0.0,0.0,0.0,0.01,0.00,0.01,0.01,0.01
309,Luismi\Luismi,es ESP,MFDF,Elche,28,1992,11,2,168,1.9,0,0,0,0,0,0,0,0.00,0.00,0.00,0.00,0.00,0.0,0.0,0.0,0.0,0.00,0.00,0.00,0.00,0.00
310,Darwin Machís\Darwin-Machis,ve VEN,FWMF,Granada,27,1993,32,21,2026,22.5,4,5,4,0,1,1,0,0.18,0.22,0.40,0.18,0.40,4.8,4.0,4.2,8.2,0.21,0.19,0.40,0.18,0.36
311,Pablo Maffeo\Pablo-Maffeo,es ESP,DF,Huesca,23,1997,25,25,1964,21.8,1,4,1,0,0,4,0,0.05,0.18,0.23,0.05,0.23,0.7,0.7,2.0,2.6,0.03,0.09,0.12,0.03,0.12
312,Abdallahi Mahmoud\Abdallahi-Mahmoud,mr MTN,MF,Alavés,20,2000,2,1,66,0.7,0,0,0,0,0,0,0,0.00,0.00,0.00,0.00,0.00,0.0,0.0,0.0,0.0,0.00,0.02,0.02,0.00,0.02
313,Nemanja Maksimović\Nemanja-Maksimovic,rs SRB,MF,Getafe,25,1995,35,34,2728,30.3,1,0,1,0,0,5,0,0.03,0.00,0.03,0.03,0.03,1.8,1.8,1.1,3.0,0.06,0.04,0.10,0.06,0.10
314,Filip Malbašić\Filip-Malbasic,rs SRB,FWMF,Cádiz,27,1992,28,8,860,9.6,0,1,0,0,0,2,0,0.00,0.10,0.10,0.00,0.10,0.6,0.6,0.0,0.6,0.06,0.00,0.06,0.06,0.06
315,Hugo Mallo\Hugo-Mallo,es ESP,DF,Celta Vigo,29,1991,31,30,2602,28.9,3,1,3,0,0,8,0,0.10,0.03,0.14,0.10,0.14,1.5,1.5,2.3,3.8,0.05,0.08,0.13,0.05,0.13
316,Mickael Malsa\Mickael-Malsa,mq MTQ,MF,Levante,24,1995,35,25,2338,26.0,1,0,1,0,0,5,0,0.04,0.00,0.04,0.04,0.04,1.6,1.6,0.4,2.0,0.06,0.02,0.08,0.06,0.08
317,Aïssa Mandi\Aissa-Mandi,dz ALG,DF,Betis,28,1991,28,27,2392,26.6,3,1,3,0,0,6,2,0.11,0.04,0.15,0.11,0.15,2.3,2.3,0.1,2.4,0.09,0.01,0.09,0.09,0.09
318,Eliaquim Mangala\Eliaquim-Mangala,fr FRA,DF,Valencia,29,1991,7,4,321,3.6,0,0,0,0,0,1,0,0.00,0.00,0.00,0.00,0.00,0.5,0.5,0.0,0.5,0.15,0.00,0.15,0.15,0.15
319,Maranhão\Maranhao,br BRA,FW,Valladolid,23,1996,23,11,1177,13.1,4,1,4,0,0,3,0,0.31,0.08,0.38,0.31,0.38,3.8,3.8,0.6,4.4,0.29,0.05,0.33,0.29,0.33
320,Marcelo\Marcelo,br BRA,DF,Real Madrid,32,1988,16,12,1050,11.7,0,2,0,0,0,3,0,0.00,0.17,0.17,0.00,0.17,0.4,0.4,1.2,1.6,0.04,0.10,0.13,0.04,0.13
321,Iván Marcone\Ivan-Marcone,ar ARG,MF,Elche,30,1990,33,30,2645,29.4,0,0,0,0,0,10,1,0.00,0.00,0.00,0.00,0.00,0.1,0.1,0.6,0.7,0.00,0.02,0.02,0.00,0.02
322,Óscar de Marcos\Oscar-de-Marcos,es ESP,DFMF,Athletic Club,31,1989,25,17,1520,16.9,1,2,1,0,0,2,0,0.06,0.12,0.18,0.06,0.18,1.3,1.3,1.8,3.1,0.08,0.11,0.19,0.08,0.19
323,José Mari\Jose-Mari,es ESP,MF,Cádiz,32,1987,22,18,1451,16.1,1,0,0,1,1,5,0,0.06,0.00,0.06,0.00,0.00,1.2,0.4,0.4,0.8,0.07,0.03,0.10,0.02,0.05
324,José María Giménez\Jose-Maria-Gimenez,uy URU,DF,Atlético Madrid,25,1995,21,20,1765,19.6,0,0,0,0,0,5,0,0.00,0.00,0.00,0.00,0.00,0.9,0.9,0.2,1.1,0.05,0.01,0.06,0.05,0.06
325,Mariano\Mariano,do DOM,FW,Real Madrid,26,1993,16,5,513,5.7,1,0,1,0,0,0,0,0.18,0.00,0.18,0.18,0.18,1.5,1.5,0.2,1.6,0.26,0.03,0.28,0.26,0.28
326,Adrián Marín\Adrian-Marin,es ESP,DFMF,Alavés,23,1997,5,1,93,1.0,0,0,0,0,0,0,0,0.00,0.00,0.00,0.00,0.00,0.1,0.1,0.5,0.6,0.07,0.52,0.58,0.07,0.58
327,Adrián Marín\Adrian-Marin,es ESP,DFFW,Granada,23,1997,9,3,269,3.0,0,1,0,0,0,1,0,0.00,0.33,0.33,0.00,0.33,0.1,0.1,0.1,0.2,0.03,0.04,0.07,0.03,0.07
328,Roger Martí\Roger-Marti,es ESP,FW,Levante,29,1991,33,26,2198,24.4,12,4,10,2,4,4,0,0.49,0.16,0.66,0.41,0.57,9.3,6.3,2.5,8.8,0.38,0.10,0.48,0.26,0.36
329,Aarón Martín\Aaron-Martin,es ESP,DF,Celta Vigo,23,1997,19,17,1540,17.1,0,3,0,0,0,1,0,0.00,0.18,0.18,0.00,0.18,0.2,0.2,1.2,1.4,0.01,0.07,0.08,0.01,0.08
330,Álex Martín\Alex-Martin,es ESP,DF,Cádiz,22,1998,2,1,96,1.1,0,0,0,0,0,0,0,0.00,0.00,0.00,0.00,0.00,0.0,0.0,0.0,0.0,0.00,0.00,0.00,0.00,0.00
331,Iñigo Martínez\Inigo-Martinez,es ESP,DF,Athletic Club,29,1991,28,28,2519,28.0,1,0,1,0,0,9,1,0.04,0.00,0.04,0.04,0.04,1.3,1.3,0.6,2.0,0.05,0.02,0.07,0.05,0.07
332,Javi Martínez\Javi-Martinez,es ESP,MFFW,Osasuna,20,1999,13,6,460,5.1,1,1,1,0,0,1,0,0.20,0.20,0.39,0.20,0.39,0.6,0.6,0.5,1.1,0.11,0.10,0.21,0.11,0.21
333,Marvin\Marvin,es ESP,DFFW,Real Madrid,20,2000,4,2,133,1.5,0,1,0,0,0,0,0,0.00,0.68,0.68,0.00,0.68,0.2,0.2,0.2,0.4,0.11,0.13,0.24,0.11,0.24
334,Jordi Masip\Jordi-Masip,es ESP,GK,Valladolid,31,1989,25,25,2250,25.0,0,0,0,0,0,3,0,0.00,0.00,0.00,0.00,0.00,0.0,0.0,0.0,0.0,0.00,0.00,0.00,0.00,0.00
335,Jaime Mata\Jaime-Mata,es ESP,FW,Getafe,31,1988,33,23,2037,22.6,5,0,4,1,2,9,1,0.22,0.00,0.22,0.18,0.18,6.6,5.1,1.2,6.3,0.29,0.05,0.34,0.23,0.28
336,Borja Mayoral\Borja-Mayoral,es ESP,FW,Real Madrid,23,1997,2,0,23,0.3,0,0,0,0,0,0,0,0.00,0.00,0.00,0.00,0.00,0.0,0.0,0.0,0.0,0.00,0.00,0.00,0.00,0.00
337,Gonzalo Melero\Gonzalo-Melero,es ESP,MFFW,Levante,26,1994,29,21,1853,20.6,7,1,7,0,0,4,0,0.34,0.05,0.39,0.34,0.39,3.1,3.1,1.7,4.8,0.15,0.08,0.23,0.15,0.23
338,Brais Méndez\Brais-Mendez,es ESP,MFFW,Celta Vigo,23,1997,34,30,2671,29.7,9,0,8,1,1,8,0,0.30,0.00,0.30,0.27,0.27,7.5,6.7,2.0,8.7,0.25,0.07,0.32,0.23,0.29
339,Édgar Méndez\Edgar-Mendez,es ESP,MFFW,Alavés,30,1990,33,26,2090,23.2,5,1,5,0,0,12,1,0.22,0.04,0.26,0.22,0.26,5.4,5.4,1.4,6.9,0.23,0.06,0.30,0.23,0.30
340,Eñaut Mendía\Enaut-Mendia,es ESP,FW,Eibar,21,1999,1,1,61,0.7,0,0,0,0,0,1,0,0.00,0.00,0.00,0.00,0.00,0.0,0.0,0.0,0.0,0.02,0.00,0.02,0.02,0.02
341,Ferland Mendy\Ferland-Mendy,fr FRA,DF,Real Madrid,25,1995,26,24,2208,24.5,1,0,1,0,0,3,0,0.04,0.00,0.04,0.04,0.04,0.6,0.6,1.7,2.3,0.02,0.07,0.09,0.02,0.09
342,Mikel Merino\Mikel-Merino,es ESP,MF,Real Sociedad,24,1996,26,25,2154,23.9,2,4,2,0,0,5,0,0.08,0.17,0.25,0.08,0.25,3.7,3.7,2.1,5.8,0.16,0.09,0.24,0.16,0.24
343,Martín Merquelanz\Martin-Merquelanz,es ESP,FWMF,Real Sociedad,25,1995,13,4,549,6.1,0,1,0,0,0,0,0,0.00,0.16,0.16,0.00,0.16,1.1,1.1,1.8,2.9,0.19,0.29,0.47,0.19,0.47
344,Roque Mesa\Roque-Mesa,es ESP,MF,Valladolid,31,1989,25,21,1761,19.6,1,0,0,1,1,4,1,0.05,0.00,0.05,0.00,0.00,1.7,0.9,1.1,2.0,0.08,0.06,0.14,0.05,0.10
345,Lionel Messi\Lionel-Messi,ar ARG,FWMF,Barcelona,33,1987,35,33,3023,33.6,30,9,27,3,5,4,0,0.89,0.27,1.16,0.80,1.07,23.6,19.5,10.8,30.3,0.70,0.32,1.03,0.58,0.90
346,Omenuke Mfulu\Omenuke-Mfulu,cd COD,MF,Elche,26,1994,20,9,789,8.8,0,0,0,0,0,4,0,0.00,0.00,0.00,0.00,0.00,0.1,0.1,0.0,0.1,0.01,0.00,0.01,0.01,0.01
347,Míchel\Michel,es ESP,MF,Valladolid,32,1988,22,10,946,10.5,2,0,2,0,0,3,0,0.19,0.00,0.19,0.19,0.19,0.6,0.6,0.8,1.3,0.05,0.07,0.13,0.05,0.13
348,Éder Militão\Eder-Militao,br BRA,DF,Real Madrid,22,1998,14,13,1133,12.6,1,0,1,0,0,3,1,0.08,0.00,0.08,0.08,0.08,1.1,1.1,0.0,1.1,0.09,0.00,0.09,0.09,0.09
349,Luis Milla\Luis-Milla,es ESP,MF,Granada,25,1994,16,14,1253,13.9,1,1,1,0,0,1,0,0.07,0.07,0.14,0.07,0.14,0.5,0.5,2.1,2.6,0.04,0.15,0.19,0.04,0.19
350,Pere Milla\Pere-Milla,es ESP,FWMF,Elche,27,1992,32,22,1981,22.0,4,3,4,0,0,6,0,0.18,0.14,0.32,0.18,0.32,5.6,5.6,1.7,7.3,0.26,0.08,0.33,0.26,0.33
351,Alejandro Millán\Alejandro-Millan,es ESP,FW,Villarreal,20,1999,1,0,2,0.0,0,0,0,0,0,0,0,0.00,0.00,0.00,0.00,0.00,0.0,0.0,0.0,0.0,0.00,0.00,0.00,0.00,0.00
352,Santi Mina\Santi-Mina,es ESP,FW,Celta Vigo,24,1995,34,29,2412,26.8,12,3,11,1,1,4,0,0.45,0.11,0.56,0.41,0.52,8.8,8.0,1.5,9.5,0.33,0.05,0.38,0.30,0.35
353,Óscar Mingueza\Oscar-Mingueza,es ESP,DF,Barcelona,21,1999,27,23,1901,21.1,2,2,2,0,0,4,0,0.09,0.09,0.19,0.09,0.19,1.0,1.0,1.0,2.0,0.05,0.05,0.09,0.05,0.09
354,Rafa Mir\Rafa-Mir,es ESP,FW,Huesca,23,1997,38,32,2877,32.0,13,1,11,2,3,2,0,0.41,0.03,0.44,0.34,0.38,13.6,11.4,1.8,13.2,0.43,0.06,0.48,0.36,0.41
355,Jorge Miramón\Jorge-Miramon,es ESP,DF,Levante,31,1989,26,19,1732,19.2,0,3,0,0,0,1,0,0.00,0.16,0.16,0.00,0.16,0.7,0.7,1.3,2.0,0.04,0.07,0.10,0.04,0.10
356,Juan Miranda\Juan-Miranda,es ESP,DF,Betis,20,2000,22,18,1652,18.4,1,2,1,0,0,4,0,0.05,0.11,0.16,0.05,0.16,0.6,0.6,1.3,1.9,0.03,0.07,0.10,0.03,0.10
357,Luka Modrić\Luka-Modric,hr CRO,MF,Real Madrid,34,1985,35,32,2733,30.4,5,3,5,0,0,4,0,0.16,0.10,0.26,0.16,0.26,2.8,2.8,4.1,6.9,0.09,0.14,0.23,0.09,0.23
358,Johan Mojica\Johan-Mojica,co COL,DF,Elche,27,1992,17,14,1204,13.4,0,0,0,0,0,3,0,0.00,0.00,0.00,0.00,0.00,0.1,0.1,0.8,0.9,0.01,0.06,0.07,0.01,0.07
359,Guillem Molina\Guillem-Molina,es ESP,DF,Valencia,20,2000,2,1,153,1.7,0,0,0,0,0,1,0,0.00,0.00,0.00,0.00,0.00,0.0,0.0,0.0,0.0,0.00,0.00,0.00,0.00,0.00
360,Jorge Molina\Jorge-Molina,es ESP,FWMF,Granada,38,1982,33,17,1615,17.9,8,2,8,0,1,3,0,0.45,0.11,0.56,0.45,0.56,5.0,4.3,2.2,6.5,0.28,0.12,0.40,0.24,0.36
361,Victor Mollejo\Victor-Mollejo,es ESP,MFDF,Getafe,19,2001,4,0,72,0.8,0,0,0,0,0,0,0,0.00,0.00,0.00,0.00,0.00,0.0,0.0,0.1,0.1,0.00,0.08,0.08,0.00,0.08
362,Jon Moncayola\Jon-Moncayola,es ESP,MF,Osasuna,22,1998,36,28,2660,29.6,2,0,2,0,0,7,1,0.07,0.00,0.07,0.07,0.07,1.5,1.5,1.3,2.7,0.05,0.04,0.09,0.05,0.09
363,Nacho Monreal\Nacho-Monreal,es ESP,DF,Real Sociedad,34,1986,26,23,2082,23.1,1,1,1,0,0,1,0,0.04,0.04,0.09,0.04,0.09,0.8,0.8,1.2,2.0,0.03,0.05,0.08,0.03,0.08
364,Ángel Montoro\Angel-Montoro,es ESP,MF,Granada,32,1988,22,17,1362,15.1,1,1,0,1,1,6,0,0.07,0.07,0.13,0.00,0.07,1.4,0.7,1.6,2.3,0.09,0.11,0.20,0.04,0.15
365,Martín Montoya\Martin-Montoya,es ESP,DF,Betis,29,1991,5,2,239,2.7,0,0,0,0,0,0,1,0.00,0.00,0.00,0.00,0.00,0.0,0.0,0.3,0.4,0.02,0.13,0.15,0.02,0.15
366,Emre Mor\Emre-Mor,tr TUR,FWMF,Celta Vigo,23,1997,11,6,500,5.6,0,0,0,0,0,2,0,0.00,0.00,0.00,0.00,0.00,0.3,0.3,0.2,0.5,0.06,0.03,0.10,0.06,0.10
367,Jon Morcillo\Jon-Morcillo,es ESP,MFFW,Athletic Club,21,1998,30,16,1363,15.1,2,2,2,0,0,3,0,0.13,0.13,0.26,0.13,0.26,1.5,1.5,2.9,4.4,0.10,0.19,0.29,0.10,0.29
368,Alberto Moreno\Alberto-Moreno,es ESP,DF,Villarreal,28,1992,5,2,193,2.1,0,0,0,0,0,0,0,0.00,0.00,0.00,0.00,0.00,0.3,0.3,0.0,0.3,0.12,0.00,0.12,0.12,0.12
369,Álex Moreno\Alex-Moreno,es ESP,DF,Betis,27,1993,23,20,1786,19.8,0,2,0,0,0,4,0,0.00,0.10,0.10,0.00,0.10,0.8,0.8,2.1,2.8,0.04,0.10,0.14,0.04,0.14
370,Gerard Moreno\Gerard-Moreno,es ESP,FWMF,Villarreal,28,1992,33,30,2673,29.7,23,7,13,10,10,3,0,0.77,0.24,1.01,0.44,0.67,19.1,11.6,7.6,19.2,0.64,0.25,0.90,0.39,0.65
371,Tete Morente\Tete-Morente,es ESP,MFFW,Elche,23,1996,30,23,2019,22.4,2,5,2,0,0,5,0,0.09,0.22,0.31,0.09,0.31,2.4,2.4,2.4,4.8,0.11,0.11,0.21,0.11,0.21
372,Loren Morón\Loren-Moron,es ESP,FWMF,Betis,26,1993,26,9,991,11.0,1,0,1,0,0,2,0,0.09,0.00,0.09,0.09,0.09,2.4,2.4,0.4,2.8,0.22,0.03,0.25,0.22,0.25
373,Pedro Mosquera\Pedro-Mosquera,es ESP,MF,Huesca,32,1988,27,24,2050,22.8,0,0,0,0,0,1,0,0.00,0.00,0.00,0.00,0.00,0.3,0.3,0.6,0.9,0.01,0.03,0.04,0.01,0.04
374,Javi Moyano\Javi-Moyano,es ESP,DF,Valladolid,34,1986,2,2,103,1.1,0,0,0,0,0,0,0,0.00,0.00,0.00,0.00,0.00,0.0,0.0,0.0,0.0,0.00,0.00,0.00,0.00,0.00
375,Iker Muniain\Iker-Muniain,es ESP,MFFW,Athletic Club,27,1992,28,23,1943,21.6,5,3,5,0,0,1,0,0.23,0.14,0.37,0.23,0.37,3.9,3.9,3.0,6.9,0.18,0.14,0.32,0.18,0.32
376,Aihen Muñoz\Aihen-Munoz,es ESP,DF,Real Sociedad,22,1997,16,14,1210,13.4,0,1,0,0,0,6,0,0.00,0.07,0.07,0.00,0.07,0.3,0.3,0.6,0.9,0.02,0.05,0.07,0.02,0.07
377,Joaquín Muñoz\Joaquin-Munoz,es ESP,FW,Huesca,21,1999,3,0,41,0.5,0,0,0,0,0,0,0,0.00,0.00,0.00,0.00,0.00,0.0,0.0,0.0,0.0,0.05,0.02,0.07,0.05,0.07
378,Jeison Murillo\Jeison-Murillo,co COL,DF,Celta Vigo,28,1992,31,31,2699,30.0,2,0,2,0,0,11,1,0.07,0.00,0.07,0.07,0.07,0.5,0.5,0.2,0.6,0.02,0.01,0.02,0.02,0.02
379,Yunus Musah\Yunus-Musah,us USA,MF,Valencia,17,2002,32,17,1530,17.0,1,0,1,0,0,2,0,0.06,0.00,0.06,0.06,0.06,0.7,0.7,0.8,1.5,0.04,0.04,0.09,0.04,0.09
380,Yoshinori Mutō\Yoshinori-Muto,jp JPN,FWMF,Eibar,28,1992,26,13,1122,12.5,1,1,1,0,0,1,0,0.08,0.08,0.16,0.08,0.16,2.0,2.0,1.1,3.1,0.16,0.09,0.25,0.16,0.25
381,Nacho\Nacho,es ESP,DF,Real Madrid,30,1990,24,22,2000,22.2,1,0,1,0,0,8,0,0.05,0.00,0.05,0.05,0.05,1.5,1.5,0.4,1.9,0.07,0.02,0.09,0.07,0.09
382,Nacho\Nacho,es ESP,DF,Valladolid,31,1989,23,21,1813,20.1,0,1,0,0,0,3,1,0.00,0.05,0.05,0.00,0.05,0.3,0.3,1.6,1.9,0.02,0.08,0.09,0.02,0.09
383,Nano\Nano,es ESP,FWMF,Cádiz,25,1995,1,0,9,0.1,0,0,0,0,0,0,0,0.00,0.00,0.00,0.00,0.00,0.0,0.0,0.0,0.0,0.00,0.00,0.00,0.00,0.00
384,Roberto Navarro\Roberto-Navarro,es ESP,MF,Real Sociedad,18,2002,1,0,35,0.4,0,0,0,0,0,0,0,0.00,0.00,0.00,0.00,0.00,0.0,0.0,0.0,0.0,0.00,0.07,0.07,0.00,0.07
385,Ximo Navarro\Ximo-Navarro,es ESP,DF,Alavés,30,1990,31,28,2375,26.4,1,1,1,0,0,6,0,0.04,0.04,0.08,0.04,0.08,0.3,0.3,1.0,1.3,0.01,0.04,0.05,0.01,0.05
386,Jesús Navas\Jesus-Navas,es ESP,DF,Sevilla,34,1985,34,34,2827,31.4,0,6,0,0,0,4,0,0.00,0.19,0.19,0.00,0.19,1.0,1.0,5.3,6.3,0.03,0.17,0.20,0.03,0.20
387,Raúl Navas\Raul-Navas,es ESP,DF,Osasuna,32,1988,2,2,168,1.9,0,0,0,0,0,0,0,0.00,0.00,0.00,0.00,0.00,0.0,0.0,0.0,0.0,0.00,0.01,0.01,0.00,0.01
388,Álvaro Negredo\Alvaro-Negredo,es ESP,FW,Cádiz,34,1985,35,29,2198,24.4,8,4,8,0,0,5,1,0.33,0.16,0.49,0.33,0.49,6.3,6.3,3.6,9.9,0.26,0.15,0.40,0.26,0.40
389,Neto\Neto,br BRA,GK,Barcelona,31,1989,7,7,630,7.0,0,0,0,0,0,0,0,0.00,0.00,0.00,0.00,0.00,0.0,0.0,0.0,0.0,0.00,0.00,0.00,0.00,0.00
390,Carlos Neva\Carlos-Neva,es ESP,DF,Granada,24,1996,22,21,1797,20.0,0,0,0,0,0,1,0,0.00,0.00,0.00,0.00,0.00,0.5,0.5,0.1,0.6,0.02,0.01,0.03,0.02,0.03
391,Mamor Niang\Mamor-Niang,sn SEN,FWMF,Getafe,18,2002,1,0,22,0.2,0,0,0,0,0,0,0,0.00,0.00,0.00,0.00,0.00,0.1,0.1,0.0,0.1,0.24,0.00,0.24,0.24,0.24
392,Nieto\Nieto,es ESP,FWMF,Cádiz,22,1998,2,0,14,0.2,0,0,0,0,0,0,0,0.00,0.00,0.00,0.00,0.00,0.3,0.3,0.0,0.3,1.73,0.00,1.73,1.73,1.73
393,Saúl Ñíguez\Saul-Niguez,es ESP,MFDF,Atlético Madrid,25,1994,33,22,2033,22.6,2,1,2,0,1,10,0,0.09,0.04,0.13,0.09,0.13,2.7,1.8,2.0,3.8,0.12,0.09,0.21,0.08,0.17
394,Nino\Nino,es ESP,FWMF,Elche,40,1980,16,0,284,3.2,0,0,0,0,0,1,0,0.00,0.00,0.00,0.00,0.00,0.3,0.3,0.8,1.1,0.10,0.25,0.35,0.10,0.35
395,Fernando Niño\Fernando-Nino,es ESP,FW,Villarreal,19,2000,17,8,593,6.6,3,0,3,0,0,1,0,0.46,0.00,0.46,0.46,0.46,4.3,4.3,0.2,4.5,0.66,0.03,0.69,0.66,0.69
396,Nolito\Nolito,es ESP,MFFW,Celta Vigo,33,1986,36,35,2597,28.9,7,5,7,0,0,7,0,0.24,0.17,0.42,0.24,0.42,6.5,6.5,5.8,12.3,0.23,0.20,0.43,0.23,0.43
397,Unai Núñez\Unai-Nunez,es ESP,DF,Athletic Club,23,1997,25,23,2109,23.4,1,1,1,0,0,6,0,0.04,0.04,0.09,0.04,0.09,1.8,1.8,0.7,2.5,0.08,0.03,0.11,0.08,0.11
398,Kelechi Nwakali\Kelechi-Nwakali,ng NGA,MFFW,Huesca,22,1998,5,1,141,1.6,0,0,0,0,0,1,0,0.00,0.00,0.00,0.00,0.00,0.0,0.0,0.0,0.0,0.00,0.01,0.01,0.00,0.01
399,Allan Nyom\Allan-Nyom,cm CMR,MFDF,Getafe,32,1988,31,28,2323,25.8,0,2,0,0,0,10,1,0.00,0.08,0.08,0.00,0.08,0.6,0.6,2.1,2.7,0.02,0.08,0.11,0.02,0.11
400,Jan Oblak\Jan-Oblak,si SVN,GK,Atlético Madrid,27,1993,38,38,3420,38.0,0,0,0,0,0,0,0,0.00,0.00,0.00,0.00,0.00,0.0,0.0,0.0,0.0,0.00,0.00,0.00,0.00,0.00
401,Lucas Ocampos\Lucas-Ocampos,ar ARG,FW,Sevilla,26,1994,34,30,2631,29.2,5,4,1,4,5,3,0,0.17,0.14,0.31,0.03,0.17,10.6,6.8,3.6,10.5,0.36,0.12,0.49,0.23,0.36
402,Álvaro Odriozola\Alvaro-Odriozola,es ESP,DF,Real Madrid,24,1995,13,9,829,9.2,2,0,2,0,0,0,0,0.22,0.00,0.22,0.22,0.22,0.7,0.7,0.6,1.3,0.08,0.07,0.14,0.08,0.14
403,Shinji Okazaki\Shinji-Okazaki,jp JPN,FW,Huesca,34,1986,25,14,1128,12.5,1,1,1,0,0,1,0,0.08,0.08,0.16,0.08,0.16,2.0,2.0,0.3,2.3,0.16,0.03,0.18,0.16,0.18
404,Lucas Olaza\Lucas-Olaza,uy URU,DF,Celta Vigo,26,1994,18,18,1615,17.9,0,2,0,0,0,4,0,0.00,0.11,0.11,0.00,0.11,0.4,0.4,2.2,2.6,0.02,0.12,0.14,0.02,0.14
405,Lucas Olaza\Lucas-Olaza,uy URU,DF,Valladolid,26,1994,14,14,1260,14.0,1,1,1,0,0,4,0,0.07,0.07,0.14,0.07,0.14,0.6,0.6,1.0,1.5,0.04,0.07,0.11,0.04,0.11
406,Christian Oliva\Christian-Oliva,uy URU,MF,Valencia,24,1996,9,1,198,2.2,0,2,0,0,0,0,0,0.00,0.91,0.91,0.00,0.91,0.0,0.0,0.2,0.2,0.01,0.08,0.09,0.01,0.09
407,Kiko Olivas\Kiko-Olivas,es ESP,DFMF,Valladolid,31,1988,5,1,177,2.0,0,0,0,0,0,1,0,0.00,0.00,0.00,0.00,0.00,0.0,0.0,0.0,0.0,0.00,0.00,0.00,0.00,0.00
408,Paulo Oliveira\Paulo-Oliveira,pt POR,DF,Eibar,28,1992,31,29,2641,29.3,0,1,0,0,0,4,0,0.00,0.03,0.03,0.00,0.03,0.6,0.6,0.2,0.7,0.02,0.01,0.02,0.02,0.02
409,Mathías Olivera\Mathias-Olivera,uy URU,DF,Getafe,22,1997,31,30,2614,29.0,0,0,0,0,0,6,0,0.00,0.00,0.00,0.00,0.00,2.4,2.4,1.7,4.1,0.08,0.06,0.14,0.08,0.14
410,Javier Ontiveros\Javier-Ontiveros,es ESP,FWMF,Huesca,22,1997,20,10,918,10.2,2,1,1,1,1,5,0,0.20,0.10,0.29,0.10,0.20,1.9,1.1,1.6,2.7,0.18,0.16,0.34,0.11,0.27
411,Fabián Orellana\Fabian-Orellana,cl CHI,MFFW,Valladolid,34,1986,30,27,2138,23.8,6,2,2,4,4,5,0,0.25,0.08,0.34,0.08,0.17,5.9,2.9,4.0,6.9,0.25,0.17,0.42,0.12,0.29
412,Mikel Oyarzabal\Mikel-Oyarzabal,es ESP,FWMF,Real Sociedad,23,1997,33,30,2408,26.8,11,8,5,6,7,1,0,0.41,0.30,0.71,0.19,0.49,10.8,5.5,5.9,11.4,0.41,0.22,0.63,0.20,0.42
413,Fernando Pacheco\Fernando-Pacheco,es ESP,GK,Alavés,28,1992,38,37,3349,37.2,0,0,0,0,0,1,0,0.00,0.00,0.00,0.00,0.00,0.0,0.0,0.0,0.0,0.00,0.00,0.00,0.00,0.00
414,Jon Pacheco\Jon-Pacheco,es ESP,DF,Real Sociedad,19,2001,1,0,32,0.4,0,0,0,0,0,0,0,0.00,0.00,0.00,0.00,0.00,0.0,0.0,0.0,0.0,0.05,0.00,0.05,0.05,0.05
415,Helibelton Palacios\Helibelton-Palacios,co COL,DF,Elche,27,1993,11,8,743,8.3,0,0,0,0,0,0,0,0.00,0.00,0.00,0.00,0.00,0.0,0.0,0.1,0.1,0.00,0.02,0.02,0.00,0.02
416,Ante Palaversa\Ante-Palaversa,hr CRO,MFFW,Getafe,20,2000,2,0,9,0.1,0,0,0,0,0,0,0,0.00,0.00,0.00,0.00,0.00,0.0,0.0,0.1,0.1,0.00,0.57,0.57,0.00,0.57
417,Daniel Parejo\Daniel-Parejo,es ESP,MF,Villarreal,31,1989,36,36,3112,34.6,3,5,3,0,0,4,0,0.09,0.14,0.23,0.09,0.23,1.4,1.4,5.4,6.8,0.04,0.16,0.20,0.04,0.20
418,Thomas Partey\Thomas-Partey,gh GHA,MF,Atlético Madrid,27,1993,3,2,200,2.2,0,0,0,0,0,1,0,0.00,0.00,0.00,0.00,0.00,0.1,0.1,0.0,0.1,0.05,0.00,0.05,0.05,0.05
419,Gabriel Paulista\Gabriel-Paulista,br BRA,DF,Valencia,29,1990,31,31,2716,30.2,4,1,4,0,0,6,0,0.13,0.03,0.17,0.13,0.17,0.9,0.9,0.1,1.1,0.03,0.00,0.04,0.03,0.04
420,Alfonso Pedraza\Alfonso-Pedraza,es ESP,DF,Villarreal,24,1996,29,24,2093,23.3,1,2,1,0,0,8,0,0.04,0.09,0.13,0.04,0.13,1.8,1.8,4.7,6.5,0.08,0.20,0.28,0.08,0.28
421,Pedri\Pedri,es ESP,MF,Barcelona,17,2002,37,28,2415,26.8,3,3,3,0,0,2,0,0.11,0.11,0.22,0.11,0.22,3.9,3.8,4.7,8.5,0.15,0.18,0.32,0.14,0.32
422,Facundo Pellistri\Facundo-Pellistri,uy URU,MFFW,Alavés,18,2001,12,5,542,6.0,0,0,0,0,0,0,0,0.00,0.00,0.00,0.00,0.00,0.3,0.3,0.1,0.4,0.06,0.01,0.07,0.06,0.07
423,Rubén Peña\Ruben-Pena,es ESP,DF,Villarreal,29,1991,19,12,1116,12.4,1,1,1,0,0,1,0,0.08,0.08,0.16,0.08,0.16,0.5,0.5,0.4,1.0,0.04,0.04,0.08,0.04,0.08
424,Pepe\Pepe,es ESP,DF,Granada,20,2000,3,3,253,2.8,0,0,0,0,0,0,0,0.00,0.00,0.00,0.00,0.00,0.0,0.0,0.0,0.0,0.01,0.00,0.01,0.01,0.01
425,Alberto Perea\Alberto-Perea,es ESP,MF,Cádiz,29,1990,27,16,1549,17.2,2,3,2,0,0,0,0,0.12,0.17,0.29,0.12,0.29,1.3,1.3,2.4,3.7,0.08,0.14,0.21,0.08,0.21
426,Iñigo Pérez\Inigo-Perez,es ESP,MFDF,Osasuna,32,1988,22,16,1347,15.0,0,0,0,0,0,4,1,0.00,0.00,0.00,0.00,0.00,0.4,0.4,0.6,1.1,0.03,0.04,0.07,0.03,0.07
427,Juan Pérez\Juan-Perez,es ESP,GK,Osasuna,24,1996,3,3,270,3.0,0,0,0,0,0,0,0,0.00,0.00,0.00,0.00,0.00,0.0,0.0,0.0,0.0,0.00,0.00,0.00,0.00,0.00
428,Kike Pérez\Kike-Perez,es ESP,MF,Valladolid,23,1997,24,12,1159,12.9,0,0,0,0,0,3,0,0.00,0.00,0.00,0.00,0.00,1.0,1.0,1.0,2.0,0.08,0.08,0.15,0.08,0.15
429,Lucas Pérez\Lucas-Perez,es ESP,FW,Alavés,31,1988,28,19,1759,19.5,4,4,1,3,4,1,0,0.20,0.20,0.41,0.05,0.26,6.5,3.5,4.8,8.3,0.33,0.25,0.58,0.18,0.42
430,Luis Pérez\Luis-Perez,es ESP,DF,Valladolid,25,1995,22,15,1297,14.4,0,0,0,0,0,1,0,0.00,0.00,0.00,0.00,0.00,0.1,0.1,0.4,0.5,0.01,0.03,0.04,0.01,0.04
431,Nehuén Pérez\Nehuen-Perez,ar ARG,DF,Granada,20,2000,14,9,741,8.2,0,0,0,0,0,4,0,0.00,0.00,0.00,0.00,0.00,0.7,0.7,0.0,0.7,0.09,0.00,0.09,0.09,0.09
432,Pablo Piatti\Pablo-Piatti,ar ARG,MFFW,Elche,31,1989,9,3,361,4.0,0,0,0,0,0,1,0,0.00,0.00,0.00,0.00,0.00,0.5,0.5,0.3,0.8,0.12,0.08,0.20,0.12,0.20
433,Cristiano Piccini\Cristiano-Piccini,it ITA,DF,Valencia,27,1992,3,0,67,0.7,0,0,0,0,0,0,0,0.00,0.00,0.00,0.00,0.00,0.0,0.0,0.0,0.0,0.02,0.00,0.02,0.02,0.02
434,Tomás Pina Isla\Tomas-Pina-Isla,es ESP,MF,Alavés,32,1987,33,31,2575,28.6,1,1,1,0,0,12,0,0.03,0.03,0.07,0.03,0.07,0.5,0.5,0.6,1.1,0.02,0.02,0.04,0.02,0.04
435,Yeremi Pino\Yeremi-Pino,es ESP,FWMF,Villarreal,17,2002,24,6,797,8.9,3,1,3,0,0,4,0,0.34,0.11,0.45,0.34,0.45,1.5,1.5,0.9,2.3,0.16,0.10,0.26,0.16,0.26
436,Gerard Piqué\Gerard-Pique,es ESP,DF,Barcelona,33,1987,18,18,1481,16.5,0,0,0,0,0,4,0,0.00,0.00,0.00,0.00,0.00,0.6,0.6,0.5,1.1,0.04,0.03,0.07,0.04,0.07
437,Miralem Pjanić\Miralem-Pjanic,ba BIH,MF,Barcelona,30,1990,19,6,627,7.0,0,0,0,0,0,1,0,0.00,0.00,0.00,0.00,0.00,1.2,1.2,1.0,2.2,0.17,0.14,0.31,0.17,0.31
438,Óscar Plano\Oscar-Plano,es ESP,MFFW,Valladolid,29,1991,36,30,2517,28.0,5,5,5,0,0,1,1,0.18,0.18,0.36,0.18,0.36,4.3,4.3,1.6,5.9,0.15,0.06,0.21,0.15,0.21
439,Dani Plomer\Dani-Plomer,es ESP,FW,Granada,21,1998,1,0,45,0.5,0,0,0,0,0,0,0,0.00,0.00,0.00,0.00,0.00,0.0,0.0,0.0,0.0,0.00,0.00,0.00,0.00,0.00
440,Jorge Pombo\Jorge-Pombo,es ESP,FWMF,Cádiz,26,1994,12,5,523,5.8,1,0,1,0,0,1,0,0.17,0.00,0.17,0.17,0.17,1.3,1.3,0.4,1.7,0.23,0.07,0.29,0.23,0.29
441,Pere Pons\Pere-Pons,es ESP,MF,Alavés,27,1993,22,12,1186,13.2,2,0,2,0,0,1,0,0.15,0.00,0.15,0.15,0.15,0.8,0.8,1.5,2.4,0.06,0.12,0.18,0.06,0.18
442,Francisco Portillo\Francisco-Portillo,es ESP,MFFW,Getafe,30,1990,16,3,418,4.6,0,1,0,0,0,1,0,0.00,0.22,0.22,0.00,0.22,0.0,0.0,0.5,0.5,0.00,0.10,0.10,0.00,0.10
443,Portu\Portu,es ESP,FWMF,Real Sociedad,28,1992,37,24,2184,24.3,8,3,8,0,0,3,0,0.33,0.12,0.45,0.33,0.45,5.5,5.5,5.1,10.6,0.23,0.21,0.44,0.23,0.44
444,Sergio Postigo\Sergio-Postigo,es ESP,DF,Levante,31,1988,22,19,1623,18.0,0,0,0,0,0,4,0,0.00,0.00,0.00,0.00,0.00,0.0,0.0,0.0,0.1,0.00,0.00,0.00,0.00,0.00
445,Darío Poveda\Dario-Poveda,es ESP,FW,Getafe,23,1997,1,0,5,0.1,0,0,0,0,0,0,0,0.00,0.00,0.00,0.00,0.00,0.0,0.0,0.0,0.0,0.00,0.00,0.00,0.00,0.00
446,Alejandro Pozo Pozo\Alejandro-Pozo-Pozo,es ESP,DFMF,Eibar,21,1999,30,24,2190,24.3,0,0,0,0,0,4,0,0.00,0.00,0.00,0.00,0.00,0.3,0.3,0.8,1.1,0.01,0.03,0.04,0.01,0.04
447,Antonio Puertas\Antonio-Puertas,es ESP,FWMF,Granada,28,1992,35,22,2170,24.1,3,5,3,0,0,6,0,0.12,0.21,0.33,0.12,0.33,4.1,4.1,1.9,6.0,0.17,0.08,0.25,0.17,0.25
448,Riqui Puig\Riqui-Puig,es ESP,MF,Barcelona,20,1999,14,2,292,3.2,1,0,1,0,0,1,0,0.31,0.00,0.31,0.31,0.31,0.3,0.3,0.2,0.5,0.08,0.07,0.16,0.08,0.16
449,Jorge Pulido\Jorge-Pulido,es ESP,DF,Huesca,29,1991,33,32,2885,32.1,1,0,1,0,0,6,1,0.03,0.00,0.03,0.03,0.03,2.6,2.6,0.5,3.2,0.08,0.02,0.10,0.08,0.10
450,Domingos Quina\Domingos-Quina,pt POR,MF,Granada,20,1999,8,5,341,3.8,2,0,2,0,0,1,0,0.53,0.00,0.53,0.53,0.53,0.3,0.3,0.1,0.5,0.08,0.04,0.12,0.08,0.12
451,Quini\Quini,es ESP,DF,Granada,30,1989,19,12,1191,13.2,1,0,1,0,0,5,0,0.08,0.00,0.08,0.08,0.08,0.3,0.3,0.3,0.6,0.02,0.02,0.04,0.02,0.04
452,Quique\Quique,es ESP,FWMF,Eibar,30,1990,12,0,167,1.9,0,0,0,0,0,0,0,0.00,0.00,0.00,0.00,0.00,0.3,0.3,0.0,0.3,0.16,0.00,0.16,0.16,0.16
453,Dani Raba\Dani-Raba,es ESP,MF,Villarreal,24,1995,5,1,150,1.7,0,0,0,0,0,0,0,0.00,0.00,0.00,0.00,0.00,0.4,0.4,0.1,0.4,0.21,0.04,0.25,0.21,0.25
454,Uroš Račić\Uros-Racic,rs SRB,MF,Valencia,22,1998,31,25,2187,24.3,1,1,1,0,0,6,0,0.04,0.04,0.08,0.04,0.08,1.6,1.6,0.4,1.9,0.06,0.02,0.08,0.06,0.08
455,Nemanja Radoja\Nemanja-Radoja,rs SRB,MF,Levante,27,1993,21,13,1121,12.5,0,2,0,0,0,1,0,0.00,0.16,0.16,0.00,0.16,0.3,0.3,0.3,0.6,0.02,0.02,0.05,0.02,0.05
456,Ivan Rakitić\Ivan-Rakitic,hr CRO,MF,Sevilla,32,1988,37,25,2233,24.8,4,2,2,2,2,5,0,0.16,0.08,0.24,0.08,0.16,5.2,3.7,1.3,5.0,0.21,0.05,0.26,0.15,0.20
457,Jonás Ramalho\Jonas-Ramalho,es ESP,DF,Osasuna,27,1993,5,3,304,3.4,0,0,0,0,0,0,0,0.00,0.00,0.00,0.00,0.00,0.1,0.1,0.0,0.2,0.04,0.01,0.05,0.04,0.05
458,Sandro Ramírez\Sandro-Ramirez,es ESP,FWMF,Huesca,25,1995,20,16,1285,14.3,5,1,5,0,0,2,0,0.35,0.07,0.42,0.35,0.42,2.4,2.4,0.4,2.8,0.17,0.03,0.20,0.17,0.20
459,Sergio Ramos\Sergio-Ramos,es ESP,DF,Real Madrid,34,1986,15,15,1275,14.2,2,0,0,2,2,3,0,0.14,0.00,0.14,0.00,0.00,3.8,2.3,0.2,2.5,0.27,0.02,0.28,0.16,0.18
460,Recio\Recio,es ESP,MF,Eibar,29,1991,17,8,734,8.2,1,0,0,1,1,5,0,0.12,0.00,0.12,0.00,0.00,1.2,0.5,0.7,1.2,0.15,0.09,0.24,0.06,0.14
461,Francisco Reis Ferreira\Francisco-Reis-Ferreira,pt POR,DF,Valencia,23,1997,3,2,181,2.0,0,0,0,0,0,0,0,0.00,0.00,0.00,0.00,0.00,0.0,0.0,0.0,0.0,0.00,0.00,0.00,0.00,0.00
462,Karim Rekik\Karim-Rekik,nl NED,DF,Sevilla,25,1994,11,6,653,7.3,0,0,0,0,0,2,0,0.00,0.00,0.00,0.00,0.00,0.2,0.2,0.1,0.3,0.03,0.02,0.05,0.03,0.05
463,Álex Remiro\Alex-Remiro,es ESP,GK,Real Sociedad,25,1995,38,38,3420,38.0,0,0,0,0,0,0,0,0.00,0.00,0.00,0.00,0.00,0.0,0.0,0.0,0.0,0.00,0.00,0.00,0.00,0.00
464,Oriol Rey\Oriol-Rey,es ESP,MF,Valladolid,22,1998,1,0,15,0.2,0,0,0,0,0,0,0,0.00,0.00,0.00,0.00,0.00,0.0,0.0,0.0,0.0,0.00,0.00,0.00,0.00,0.00
465,Ricard\Ricard,es ESP,DF,Atlético Madrid,20,2000,1,0,30,0.3,0,0,0,0,0,0,0,0.00,0.00,0.00,0.00,0.00,0.0,0.0,0.0,0.0,0.07,0.00,0.07,0.07,0.07
466,Mikel Rico\Mikel-Rico,es ESP,MF,Huesca,35,1984,32,27,2183,24.3,1,4,1,0,0,2,0,0.04,0.16,0.21,0.04,0.21,2.3,2.3,1.5,3.8,0.09,0.06,0.16,0.09,0.16
467,Emiliano Rigoni\Emiliano-Rigoni,ar ARG,MFFW,Elche,27,1993,23,12,1139,12.7,1,1,1,0,0,5,0,0.08,0.08,0.16,0.08,0.16,2.6,2.6,1.9,4.4,0.20,0.15,0.35,0.20,0.35
468,Luis Rioja\Luis-Rioja,es ESP,MF,Alavés,26,1993,35,25,2090,23.2,4,2,4,0,0,4,0,0.17,0.09,0.26,0.17,0.26,3.5,3.5,3.3,6.8,0.15,0.14,0.29,0.15,0.29
469,Rober\Rober,es ESP,DFMF,Levante,25,1995,19,16,1425,15.8,0,1,0,0,0,3,1,0.00,0.06,0.06,0.00,0.06,0.2,0.2,0.7,0.9,0.01,0.05,0.06,0.01,0.06
470,Roberto\Roberto,es ESP,GK,Valladolid,34,1986,13,13,1170,13.0,0,0,0,0,0,0,1,0.00,0.00,0.00,0.00,0.00,0.0,0.0,0.0,0.0,0.00,0.00,0.00,0.00,0.00
471,Sergi Roberto\Sergi-Roberto,es ESP,DF,Barcelona,28,1992,15,9,946,10.5,1,2,1,0,0,1,0,0.10,0.19,0.29,0.10,0.29,0.5,0.5,2.0,2.5,0.05,0.19,0.24,0.05,0.24
472,Joel Robles\Joel-Robles,es ESP,GK,Betis,30,1990,18,18,1620,18.0,0,0,0,0,0,2,0,0.00,0.00,0.00,0.00,0.00,0.0,0.0,0.0,0.0,0.00,0.00,0.00,0.00,0.00
473,Rubén Rochina\Ruben-Rochina,es ESP,MF,Levante,29,1991,25,17,1404,15.6,0,1,0,0,0,5,0,0.00,0.06,0.06,0.00,0.06,1.7,1.7,2.1,3.7,0.11,0.13,0.24,0.11,0.24
474,Rodrigo\Rodrigo,es ESP,FWMF,Betis,20,2000,15,5,537,6.0,0,0,0,0,0,0,0,0.00,0.00,0.00,0.00,0.00,0.2,0.2,0.5,0.7,0.04,0.09,0.12,0.04,0.12
475,Kévin Rodrigues\Kevin-Rodrigues,pt POR,DFMF,Eibar,26,1994,22,11,1095,12.2,1,1,1,0,0,1,0,0.08,0.08,0.16,0.08,0.16,0.6,0.6,0.7,1.3,0.05,0.06,0.10,0.05,0.10
476,Óscar Rodríguez Arnaiz\Oscar-Rodriguez-Arnaiz,es ESP,MFFW,Sevilla,22,1998,20,4,511,5.7,0,0,0,0,0,1,0,0.00,0.00,0.00,0.00,0.00,0.5,0.5,0.9,1.4,0.08,0.17,0.25,0.08,0.25
477,Ángel Rodríguez\Angel-Rodriguez,es ESP,FWMF,Getafe,33,1987,33,12,1374,15.3,5,0,4,1,2,4,0,0.33,0.00,0.33,0.26,0.26,5.5,4.0,0.5,4.5,0.36,0.04,0.40,0.26,0.30
478,Guido Rodríguez\Guido-Rodriguez,ar ARG,MF,Betis,26,1994,35,34,2864,31.8,1,0,1,0,0,10,0,0.03,0.00,0.03,0.03,0.03,1.7,1.7,0.7,2.4,0.05,0.02,0.07,0.05,0.07
479,Miguel Rodríguez\Miguel-Rodriguez,es ESP,FWMF,Celta Vigo,17,2003,4,0,30,0.3,0,0,0,0,0,2,0,0.00,0.00,0.00,0.00,0.00,0.0,0.0,0.0,0.0,0.00,0.00,0.00,0.00,0.00
480,Víctor Rodríguez\Victor-Rodriguez,es ESP,MF,Elche,31,1989,16,2,426,4.7,0,0,0,0,0,1,0,0.00,0.00,0.00,0.00,0.00,0.0,0.0,0.6,0.6,0.00,0.12,0.12,0.00,0.12
481,Rodrygo\Rodrygo,br BRA,FW,Real Madrid,19,2001,22,10,983,10.9,1,6,1,0,0,0,0,0.09,0.55,0.64,0.09,0.64,2.5,2.5,3.0,5.5,0.23,0.28,0.51,0.23,0.51
482,Facundo Roncaglia\Facundo-Roncaglia,ar ARG,DF,Osasuna,33,1987,17,14,1232,13.7,1,1,1,0,0,3,1,0.07,0.07,0.15,0.07,0.15,0.5,0.5,0.1,0.6,0.04,0.01,0.05,0.04,0.05
483,Rubén\Ruben,es ESP,GKMF,Osasuna,36,1984,3,3,187,2.1,0,0,0,0,0,0,1,0.00,0.00,0.00,0.00,0.00,0.0,0.0,0.0,0.0,0.00,0.00,0.00,0.00,0.00
484,Waldo Rubio\Waldo-Rubio,es ESP,FW,Valladolid,24,1995,10,5,375,4.2,1,0,0,1,1,1,0,0.24,0.00,0.24,0.00,0.00,1.0,0.3,0.1,0.4,0.25,0.03,0.27,0.07,0.09
485,Aitor Ruibal\Aitor-Ruibal,es ESP,FWMF,Betis,24,1996,28,21,1593,17.7,2,2,2,0,0,2,0,0.11,0.11,0.23,0.11,0.23,2.6,2.6,2.4,5.0,0.15,0.14,0.28,0.15,0.28
486,Isma Ruiz\Isma-Ruiz,es ESP,MF,Granada,19,2001,1,1,67,0.7,0,0,0,0,0,0,0,0.00,0.00,0.00,0.00,0.00,0.0,0.0,0.0,0.0,0.00,0.00,0.00,0.00,0.00
487,Víctor Ruiz\Victor-Ruiz,es ESP,DF,Betis,31,1989,27,24,2157,24.0,2,0,2,0,0,9,0,0.08,0.00,0.08,0.08,0.08,1.2,1.2,0.1,1.2,0.05,0.00,0.05,0.05,0.05
488,Gerónimo Rulli\Geronimo-Rulli,ar ARG,GK,Villarreal,28,1992,2,2,180,2.0,0,0,0,0,0,0,1,0.00,0.00,0.00,0.00,0.00,0.0,0.0,0.0,0.0,0.00,0.00,0.00,0.00,0.00
489,Modibo Sagnan\Modibo-Sagnan,ml MLI,DF,Real Sociedad,21,1999,16,7,622,6.9,0,0,0,0,0,3,0,0.00,0.00,0.00,0.00,0.00,0.6,0.6,0.2,0.8,0.09,0.03,0.11,0.09,0.11
490,Borja Sainz\Borja-Sainz,es ESP,MFFW,Alavés,19,2001,21,2,453,5.0,1,0,1,0,0,1,0,0.20,0.00,0.20,0.20,0.20,1.1,1.1,0.4,1.5,0.22,0.07,0.29,0.22,0.29
491,Salvi\Salvi,es ESP,MFFW,Cádiz,29,1991,28,25,1933,21.5,2,0,2,0,0,5,0,0.09,0.00,0.09,0.09,0.09,1.9,1.9,1.2,3.1,0.09,0.06,0.14,0.09,0.14
492,Fede San Emeterio\Fede-San-Emeterio,es ESP,MF,Valladolid,23,1997,24,17,1460,16.2,0,0,0,0,0,7,0,0.00,0.00,0.00,0.00,0.00,0.1,0.1,0.1,0.2,0.00,0.01,0.01,0.00,0.01
493,Antonio Sanabria\Antonio-Sanabria,py PAR,FW,Betis,24,1996,16,10,932,10.4,3,0,3,0,0,2,0,0.29,0.00,0.29,0.29,0.29,4.3,4.3,0.3,4.5,0.41,0.02,0.44,0.41,0.44
494,Oihan Sancet\Oihan-Sancet,es ESP,FWMF,Athletic Club,20,2000,24,11,1035,11.5,2,2,2,0,0,2,0,0.17,0.17,0.35,0.17,0.35,2.9,2.9,1.2,4.1,0.25,0.11,0.36,0.25,0.36
495,Juan Sánchez Miño\Juan-Sanchez-Mino,ar ARG,DFMF,Elche,30,1990,9,5,495,5.5,0,0,0,0,0,2,0,0.00,0.00,0.00,0.00,0.00,0.0,0.0,0.0,0.0,0.00,0.00,0.00,0.00,0.00
496,Germán Sánchez\German-Sanchez,es ESP,DF,Granada,33,1986,34,29,2638,29.3,3,1,3,0,0,11,1,0.10,0.03,0.14,0.10,0.14,1.9,1.9,0.1,2.0,0.07,0.00,0.07,0.07,0.07
497,Javi Sánchez\Javi-Sanchez,es ESP,DF,Valladolid,23,1997,16,11,921,10.2,0,0,0,0,0,3,0,0.00,0.00,0.00,0.00,0.00,0.2,0.2,0.1,0.3,0.02,0.01,0.03,0.02,0.03
498,Manuel Sánchez\Manuel-Sanchez,es ESP,DF,Atlético Madrid,19,2000,1,1,49,0.5,0,1,0,0,0,0,0,0.00,1.84,1.84,0.00,1.84,0.0,0.0,0.3,0.3,0.00,0.61,0.61,0.00,0.61
499,Manuel Sánchez\Manuel-Sanchez,es ESP,DF,Osasuna,19,2000,16,10,976,10.8,0,4,0,0,0,4,0,0.00,0.37,0.37,0.00,0.37,0.1,0.1,0.9,1.1,0.01,0.09,0.10,0.01,0.10
500,Oier Sanjurjo\Oier-Sanjurjo,es ESP,MF,Osasuna,34,1986,32,24,2084,23.2,0,2,0,0,0,10,0,0.00,0.09,0.09,0.00,0.09,0.9,0.9,1.8,2.6,0.04,0.08,0.11,0.04,0.11
501,Ivan Šaponjić\Ivan-Saponjic,rs SRB,FW,Cádiz,22,1997,9,3,388,4.3,1,0,0,1,1,2,0,0.23,0.00,0.23,0.00,0.00,1.7,0.9,0.0,0.9,0.40,0.00,0.40,0.22,0.22
502,Stefan Savić\Stefan-Savic,me MNE,DF,Atlético Madrid,29,1991,33,33,2953,32.8,1,0,1,0,0,14,0,0.03,0.00,0.03,0.03,0.03,0.9,0.9,0.2,1.1,0.03,0.01,0.03,0.03,0.03
503,Jaime Seoane\Jaime-Seoane,es ESP,MF,Huesca,23,1997,29,23,2064,22.9,1,1,1,0,0,5,0,0.04,0.04,0.09,0.04,0.09,1.3,1.3,1.2,2.6,0.06,0.05,0.11,0.06,0.11
504,Edgar Sevikyan\Edgar-Sevikyan,ru RUS,MF,Levante,18,2001,1,0,8,0.1,0,0,0,0,0,0,0,0.00,0.00,0.00,0.00,0.00,0.0,0.0,0.0,0.0,0.00,0.00,0.00,0.00,0.00
505,Sidnei\Sidnei,br BRA,DF,Betis,30,1989,11,7,697,7.7,0,0,0,0,0,1,0,0.00,0.00,0.00,0.00,0.00,0.2,0.2,0.0,0.2,0.02,0.00,0.02,0.02,0.02
506,David Silva\David-Silva,es ESP,MF,Real Sociedad,34,1986,21,17,1399,15.5,2,5,2,0,0,4,0,0.13,0.32,0.45,0.13,0.45,2.9,2.9,4.0,6.8,0.19,0.25,0.44,0.19,0.44
507,Gastón Silva\Gaston-Silva,uy URU,DF,Huesca,26,1994,12,6,600,6.7,0,0,0,0,0,2,0,0.00,0.00,0.00,0.00,0.00,0.0,0.0,0.0,0.0,0.00,0.00,0.00,0.00,0.00
508,Rui Silva\Rui-Silva,pt POR,GK,Granada,26,1994,32,32,2880,32.0,0,0,0,0,0,1,0,0.00,0.00,0.00,0.00,0.00,0.0,0.0,0.0,0.0,0.00,0.00,0.00,0.00,0.00
509,Unai Simón\Unai-Simon,es ESP,GK,Athletic Club,23,1997,37,37,3330,37.0,0,0,0,0,0,1,0,0.00,0.00,0.00,0.00,0.00,0.0,0.0,0.1,0.1,0.00,0.00,0.00,0.00,0.00
510,Dimitris Siovas\Dimitris-Siovas,gr GRE,DF,Huesca,31,1988,36,34,3071,34.1,2,0,2,0,0,5,0,0.06,0.00,0.06,0.06,0.06,1.9,1.9,0.2,2.1,0.06,0.01,0.06,0.06,0.06
511,Antonio Sivera\Antonio-Sivera,es ESP,GK,Alavés,23,1996,1,1,71,0.8,0,0,0,0,0,0,0,0.00,0.00,0.00,0.00,0.00,0.0,0.0,0.0,0.0,0.00,0.00,0.00,0.00,0.00
512,Rafa Soares\Rafa-Soares,pt POR,DF,Eibar,25,1995,19,12,1134,12.6,0,1,0,0,0,2,0,0.00,0.08,0.08,0.00,0.08,0.0,0.0,1.2,1.3,0.00,0.10,0.10,0.00,0.10
513,Rubén Sobrino\Ruben-Sobrino,es ESP,FWMF,Cádiz,28,1992,16,11,1113,12.4,1,0,1,0,0,3,0,0.08,0.00,0.08,0.08,0.08,2.4,2.4,0.8,3.1,0.19,0.06,0.25,0.19,0.25
514,Rubén Sobrino\Ruben-Sobrino,es ESP,MFFW,Valencia,28,1992,5,0,49,0.5,0,0,0,0,0,0,0,0.00,0.00,0.00,0.00,0.00,0.0,0.0,0.0,0.0,0.00,0.05,0.05,0.00,0.05
515,Augusto Solari\Augusto-Solari,ar ARG,MF,Celta Vigo,28,1992,16,3,486,5.4,2,2,2,0,0,2,0,0.37,0.37,0.74,0.37,0.74,1.3,1.3,1.3,2.6,0.23,0.24,0.48,0.23,0.48
516,Roberto Soldado\Roberto-Soldado,es ESP,FW,Granada,35,1985,29,16,1438,16.0,9,0,7,2,2,8,1,0.56,0.00,0.56,0.44,0.44,5.8,4.4,0.7,5.0,0.36,0.04,0.40,0.28,0.32
517,Carlos Soler\Carlos-Soler,es ESP,MF,Valencia,23,1997,32,31,2735,30.4,11,8,4,7,9,7,0,0.36,0.26,0.63,0.13,0.39,9.5,2.7,4.6,7.3,0.31,0.15,0.47,0.09,0.24
518,Son\Son,es ESP,DF,Levante,26,1994,28,10,1106,12.3,0,0,0,0,0,3,0,0.00,0.00,0.00,0.00,0.00,0.5,0.5,1.2,1.8,0.04,0.10,0.14,0.04,0.14
519,David Soria\David-Soria,es ESP,GK,Getafe,27,1993,28,28,2520,28.0,0,0,0,0,0,2,0,0.00,0.00,0.00,0.00,0.00,0.0,0.0,0.1,0.1,0.00,0.00,0.00,0.00,0.00
520,Alberto Soro\Alberto-Soro,es ESP,FWMF,Granada,21,1999,15,3,393,4.4,1,2,1,0,0,1,0,0.23,0.46,0.69,0.23,0.69,0.8,0.8,0.4,1.1,0.18,0.08,0.26,0.18,0.26
521,Hugo Sotelo\Hugo-Sotelo,es ESP,MF,Celta Vigo,16,2003,1,0,1,0.0,0,0,0,0,0,0,0,0.00,0.00,0.00,0.00,0.00,0.0,0.0,0.0,0.0,0.00,0.00,0.00,0.00,0.00
522,Damián Suárez\Damian-Suarez,uy URU,DF,Getafe,32,1988,31,28,2434,27.0,1,0,1,0,0,13,1,0.04,0.00,0.04,0.04,0.04,0.3,0.3,0.7,1.0,0.01,0.03,0.04,0.01,0.04
523,Denis Suárez\Denis-Suarez,es ESP,MF,Celta Vigo,26,1994,35,34,2852,31.7,0,9,0,0,0,10,0,0.00,0.28,0.28,0.00,0.28,0.9,0.9,5.0,5.8,0.03,0.16,0.18,0.03,0.18
524,Luis Suárez\Luis-Suarez,uy URU,FW,Atlético Madrid,33,1987,32,30,2508,27.9,21,3,18,3,3,6,0,0.75,0.11,0.86,0.65,0.75,15.6,13.3,3.3,16.6,0.56,0.12,0.68,0.48,0.59
525,Suso\Suso,es ESP,FW,Sevilla,26,1993,34,28,2210,24.6,3,4,3,0,0,2,0,0.12,0.16,0.29,0.12,0.29,2.1,2.1,4.5,6.6,0.09,0.18,0.27,0.09,0.27
526,Tachi\Tachi,es ESP,DF,Alavés,22,1997,12,8,850,9.4,0,0,0,0,0,5,1,0.00,0.00,0.00,0.00,0.00,0.2,0.2,0.1,0.4,0.02,0.02,0.04,0.02,0.04
527,Renato Tapia\Renato-Tapia,pe PER,MF,Celta Vigo,25,1995,32,32,2701,30.0,0,1,0,0,0,11,0,0.00,0.03,0.03,0.00,0.03,0.9,0.9,0.9,1.8,0.03,0.03,0.06,0.03,0.06
528,Tomás Tavares\Tomas-Tavares,pt POR,MFDF,Alavés,19,2001,3,0,65,0.7,0,0,0,0,0,0,0,0.00,0.00,0.00,0.00,0.00,0.0,0.0,0.0,0.0,0.00,0.00,0.00,0.00,0.00
529,Álvaro Tejero\Alvaro-Tejero,es ESP,DF,Eibar,24,1996,2,1,110,1.2,0,0,0,0,0,1,0,0.00,0.00,0.00,0.00,0.00,0.0,0.0,0.2,0.2,0.03,0.16,0.18,0.03,0.18
530,Cristian Tello\Cristian-Tello,es ESP,FWMF,Betis,28,1991,29,12,1283,14.3,5,3,5,0,0,2,1,0.35,0.21,0.56,0.35,0.56,2.3,2.3,2.7,5.0,0.16,0.19,0.35,0.16,0.35
531,Marc-André ter Stegen\Marc-Andre-ter-Stegen,de GER,GK,Barcelona,28,1992,31,31,2790,31.0,0,0,0,0,0,1,0,0.00,0.00,0.00,0.00,0.00,0.1,0.1,0.0,0.1,0.00,0.00,0.00,0.00,0.00
532,David Timor\David-Timor,es ESP,MFDF,Getafe,30,1989,30,15,1395,15.5,0,0,0,0,0,5,1,0.00,0.00,0.00,0.00,0.00,0.5,0.5,0.9,1.4,0.03,0.06,0.09,0.03,0.09
533,Toño\Tono,es ESP,DF,Levante,30,1989,12,9,726,8.1,0,2,0,0,0,2,0,0.00,0.25,0.25,0.00,0.25,0.0,0.0,0.4,0.4,0.01,0.05,0.06,0.01,0.06
534,Lucas Torreira\Lucas-Torreira,uy URU,MFFW,Atlético Madrid,24,1996,19,3,518,5.8,1,0,1,0,0,2,0,0.17,0.00,0.17,0.17,0.17,0.2,0.2,0.6,0.8,0.04,0.10,0.14,0.04,0.14
535,Óliver Torres\Oliver-Torres,es ESP,MFFW,Sevilla,25,1994,33,15,1400,15.6,0,3,0,0,0,2,0,0.00,0.19,0.19,0.00,0.19,0.8,0.8,1.7,2.5,0.05,0.11,0.16,0.05,0.16
536,Pau Torres\Pau-Torres,es ESP,DF,Villarreal,23,1997,33,33,2970,33.0,2,2,2,0,0,2,0,0.06,0.06,0.12,0.06,0.12,1.2,1.2,1.1,2.3,0.04,0.03,0.07,0.04,0.07
537,Roberto Torres\Roberto-Torres,es ESP,MFFW,Osasuna,31,1989,35,19,1894,21.0,7,1,3,4,5,0,0,0.33,0.05,0.38,0.14,0.19,6.2,2.4,1.5,3.9,0.29,0.07,0.37,0.11,0.18
538,Lucas Torró\Lucas-Torro,es ESP,MF,Osasuna,26,1994,25,17,1548,17.2,0,1,0,0,0,4,0,0.00,0.06,0.06,0.00,0.06,1.5,1.5,0.6,2.1,0.09,0.03,0.12,0.09,0.12
539,Manu Trigueros\Manu-Trigueros,es ESP,MF,Villarreal,28,1991,35,30,2527,28.1,1,6,1,0,0,6,1,0.04,0.21,0.25,0.04,0.25,2.7,2.7,5.1,7.8,0.10,0.18,0.28,0.10,0.28
540,Francisco Trincão\Francisco-Trincao,pt POR,FWMF,Barcelona,20,1999,28,3,706,7.8,3,2,3,0,0,1,0,0.38,0.25,0.64,0.38,0.64,3.1,3.1,1.0,4.1,0.40,0.13,0.52,0.40,0.52
541,Kieran Trippier\Kieran-Trippier,eng ENG,DF,Atlético Madrid,29,1990,28,28,2475,27.5,0,6,0,0,0,0,0,0.00,0.22,0.22,0.00,0.22,0.1,0.1,3.6,3.7,0.00,0.13,0.14,0.00,0.14
542,Samuel Umtiti\Samuel-Umtiti,fr FRA,DF,Barcelona,26,1993,13,6,645,7.2,0,0,0,0,0,1,0,0.00,0.00,0.00,0.00,0.00,0.1,0.1,0.0,0.1,0.02,0.00,0.02,0.02,0.02
543,Enes Ünal\Enes-Unal,tr TUR,FW,Getafe,23,1997,28,15,1318,14.6,4,2,3,1,1,4,0,0.27,0.14,0.41,0.20,0.34,4.1,3.3,1.3,4.6,0.28,0.09,0.37,0.22,0.32
544,Tomáš Vaclík\Tomas-Vaclik,cz CZE,GK,Sevilla,31,1989,5,5,450,5.0,0,0,0,0,0,0,0,0.00,0.00,0.00,0.00,0.00,0.0,0.0,0.0,0.0,0.00,0.00,0.00,0.00,0.00
545,Eugeni Valderrama\Eugeni-Valderrama,es ESP,FWMF,Huesca,26,1994,3,1,115,1.3,0,0,0,0,0,0,0,0.00,0.00,0.00,0.00,0.00,0.0,0.0,0.1,0.1,0.00,0.06,0.06,0.00,0.06
546,Jesús Vallejo\Jesus-Vallejo,es ESP,DF,Granada,23,1997,21,15,1348,15.0,0,0,0,0,0,2,1,0.00,0.00,0.00,0.00,0.00,0.1,0.1,0.0,0.1,0.01,0.00,0.01,0.01,0.01
547,Manu Vallejo\Manu-Vallejo,es ESP,FW,Valencia,23,1997,30,9,950,10.6,5,0,5,0,0,2,0,0.47,0.00,0.47,0.47,0.47,4.5,4.5,0.3,4.9,0.43,0.03,0.46,0.43,0.46
548,Federico Valverde\Federico-Valverde,uy URU,MF,Real Madrid,22,1998,24,15,1330,14.8,3,1,3,0,0,0,0,0.20,0.07,0.27,0.20,0.27,2.0,2.0,3.2,5.2,0.13,0.22,0.35,0.13,0.35
549,Raphaël Varane\Raphael-Varane,fr FRA,DF,Real Madrid,27,1993,31,31,2715,30.2,2,0,2,0,0,2,0,0.07,0.00,0.07,0.07,0.07,2.1,2.1,0.1,2.2,0.07,0.00,0.07,0.07,0.07
550,Denis Vavro\Denis-Vavro,sk SVK,DF,Huesca,24,1996,11,9,611,6.8,0,0,0,0,0,1,0,0.00,0.00,0.00,0.00,0.00,0.2,0.2,0.1,0.3,0.04,0.01,0.05,0.04,0.05
551,Franco Vázquez\Franco-Vazquez,ar ARG,FWMF,Sevilla,31,1989,15,1,164,1.8,1,0,1,0,0,1,0,0.55,0.00,0.55,0.55,0.55,0.3,0.3,0.2,0.5,0.18,0.12,0.29,0.18,0.29
552,Kevin Vázquez\Kevin-Vazquez,es ESP,DF,Celta Vigo,27,1993,8,5,562,6.2,0,0,0,0,0,3,0,0.00,0.00,0.00,0.00,0.00,0.0,0.0,0.0,0.0,0.00,0.00,0.00,0.00,0.00
553,Lucas Vázquez\Lucas-Vazquez,es ESP,DFFW,Real Madrid,29,1991,24,21,1848,20.5,2,5,2,0,0,3,0,0.10,0.24,0.34,0.10,0.34,2.2,2.2,4.3,6.5,0.11,0.21,0.32,0.11,0.32
554,Koke Vegas\Koke-Vegas,es ESP,GK,Levante,24,1995,1,1,90,1.0,0,0,0,0,0,1,0,0.00,0.00,0.00,0.00,0.00,0.0,0.0,0.0,0.0,0.00,0.00,0.00,0.00,0.00
555,Gabriel Veiga\Gabriel-Veiga,es ESP,MFDF,Celta Vigo,18,2002,6,1,118,1.3,0,0,0,0,0,0,0,0.00,0.00,0.00,0.00,0.00,0.0,0.0,0.0,0.0,0.00,0.03,0.03,0.00,0.03
556,Unai Vencedor Paris\Unai-Vencedor-Paris,es ESP,MF,Athletic Club,19,2000,28,19,1701,18.9,0,0,0,0,0,6,0,0.00,0.00,0.00,0.00,0.00,0.5,0.5,0.2,0.7,0.02,0.01,0.04,0.02,0.04
557,Gonzalo Verdú\Gonzalo-Verdu,es ESP,DF,Elche,31,1988,33,33,2944,32.7,0,2,0,0,0,11,0,0.00,0.06,0.06,0.00,0.06,0.7,0.7,1.4,2.1,0.02,0.04,0.06,0.02,0.06
558,Mikel Vesga\Mikel-Vesga,es ESP,MF,Athletic Club,27,1993,30,20,1722,19.1,0,1,0,0,0,7,0,0.00,0.05,0.05,0.00,0.05,1.6,1.6,1.0,2.7,0.08,0.05,0.14,0.08,0.14
559,Rúben Vezo\Ruben-Vezo,pt POR,DF,Levante,26,1994,32,25,2316,25.7,1,0,1,0,0,7,0,0.04,0.00,0.04,0.04,0.04,0.3,0.3,0.2,0.5,0.01,0.01,0.02,0.01,0.02
560,Iñigo Vicente\Inigo-Vicente,es ESP,FWMF,Athletic Club,22,1998,3,0,52,0.6,0,0,0,0,0,0,0,0.00,0.00,0.00,0.00,0.00,0.0,0.0,0.3,0.4,0.06,0.54,0.61,0.06,0.61
561,Fede Vico\Fede-Vico,es ESP,MFFW,Granada,26,1994,20,9,767,8.5,0,0,0,0,0,1,0,0.00,0.00,0.00,0.00,0.00,0.5,0.5,1.2,1.7,0.06,0.14,0.20,0.06,0.20
562,Aleix Vidal\Aleix-Vidal,es ESP,DF,Sevilla,30,1989,12,5,595,6.6,0,1,0,0,0,2,0,0.00,0.15,0.15,0.00,0.15,0.0,0.0,1.0,1.0,0.00,0.15,0.15,0.00,0.15
563,Nacho Vidal\Nacho-Vidal,es ESP,DF,Osasuna,25,1995,34,25,2348,26.1,0,0,0,0,0,10,0,0.00,0.00,0.00,0.00,0.00,0.5,0.5,1.7,2.2,0.02,0.07,0.08,0.02,0.08
564,Toni Villa\Toni-Villa,es ESP,MFFW,Valladolid,25,1995,21,10,969,10.8,2,0,2,0,0,2,0,0.19,0.00,0.19,0.19,0.19,0.9,0.9,1.3,2.3,0.09,0.12,0.21,0.09,0.21
565,Asier Villalibre\Asier-Villalibre,es ESP,FW,Athletic Club,22,1997,35,16,1589,17.7,4,2,4,0,0,1,0,0.23,0.11,0.34,0.23,0.34,5.2,5.2,2.0,7.3,0.30,0.12,0.41,0.30,0.41
566,Iván Villar\Ivan-Villar,es ESP,GK,Celta Vigo,23,1997,21,19,1781,19.8,0,0,0,0,0,1,0,0.00,0.00,0.00,0.00,0.00,0.0,0.0,0.0,0.0,0.00,0.00,0.00,0.00,0.00
567,Vitolo\Vitolo,es ESP,MFFW,Atlético Madrid,30,1989,10,3,298,3.3,0,0,0,0,0,2,0,0.00,0.00,0.00,0.00,0.00,0.5,0.5,0.2,0.7,0.15,0.07,0.22,0.15,0.22
568,Šime Vrsaljko\Sime-Vrsaljko,hr CRO,DF,Atlético Madrid,28,1992,9,6,519,5.8,0,0,0,0,0,2,0,0.00,0.00,0.00,0.00,0.00,0.0,0.0,0.0,0.0,0.00,0.00,0.00,0.00,0.00
569,Nikola Vukčević\Nikola-Vukcevic,me MNE,MF,Levante,28,1991,13,11,810,9.0,0,0,0,0,0,4,0,0.00,0.00,0.00,0.00,0.00,0.1,0.1,0.2,0.3,0.02,0.02,0.04,0.02,0.04
570,Daniel Wass\Daniel-Wass,dk DEN,MFDF,Valencia,31,1989,35,35,2979,33.1,4,1,3,1,1,8,0,0.12,0.03,0.15,0.09,0.12,3.2,2.4,2.4,4.8,0.10,0.07,0.17,0.07,0.14
571,Shon Weissman\Shon-Weissman,il ISR,FW,Valladolid,24,1996,32,24,2133,23.7,6,1,6,0,0,3,0,0.25,0.04,0.30,0.25,0.30,5.3,5.3,1.8,7.1,0.23,0.07,0.30,0.23,0.30
572,Iñaki Williams\Inaki-Williams,es ESP,FW,Athletic Club,26,1994,38,27,2387,26.5,6,6,5,1,1,1,0,0.23,0.23,0.45,0.19,0.41,6.9,6.2,4.8,11.0,0.26,0.18,0.44,0.23,0.41
573,Nico Williams\Nico-Williams,es ESP,MF,Athletic Club,18,2002,2,0,57,0.6,0,0,0,0,0,0,0,0.00,0.00,0.00,0.00,0.00,0.0,0.0,0.0,0.0,0.03,0.00,0.03,0.03,0.03
574,Jawad El Yamiq\Jawad-El-Yamiq,ma MAR,DF,Valladolid,28,1992,19,15,1379,15.3,0,1,0,0,0,6,0,0.00,0.07,0.07,0.00,0.07,0.4,0.4,0.0,0.4,0.02,0.00,0.03,0.02,0.03
575,Rubén Yáñez\Ruben-Yanez,es ESP,GK,Getafe,26,1993,10,10,900,10.0,0,0,0,0,0,2,0,0.00,0.00,0.00,0.00,0.00,0.0,0.0,0.0,0.0,0.00,0.00,0.00,0.00,0.00
576,Yoel\Yoel,es ESP,GK,Eibar,31,1988,4,3,300,3.3,0,0,0,0,0,0,0,0.00,0.00,0.00,0.00,0.00,0.0,0.0,0.0,0.0,0.00,0.00,0.00,0.00,0.00
577,Okay Yokuşlu\Okay-Yokuslu,tr TUR,MF,Celta Vigo,26,1994,12,3,462,5.1,0,0,0,0,0,4,1,0.00,0.00,0.00,0.00,0.00,0.4,0.4,0.3,0.7,0.08,0.05,0.14,0.08,0.14
578,Joseba Zaldúa\Joseba-Zaldua,es ESP,DF,Real Sociedad,28,1992,12,6,639,7.1,0,0,0,0,0,3,0,0.00,0.00,0.00,0.00,0.00,0.1,0.1,0.8,0.8,0.01,0.11,0.11,0.01,0.11
579,Oier Zarraga\Oier-Zarraga,es ESP,MF,Athletic Club,21,1999,5,1,100,1.1,0,0,0,0,0,0,0,0.00,0.00,0.00,0.00,0.00,0.1,0.1,0.0,0.1,0.08,0.04,0.13,0.08,0.13
580,Igor Zubeldia\Igor-Zubeldia,es ESP,DF,Real Sociedad,23,1997,24,21,1959,21.8,1,1,1,0,0,5,0,0.05,0.05,0.09,0.05,0.09,1.0,1.0,0.7,1.8,0.05,0.03,0.08,0.05,0.08
581,Martín Zubimendi\Martin-Zubimendi,es ESP,MF,Real Sociedad,21,1999,31,17,1882,20.9,0,0,0,0,0,6,0,0.00,0.00,0.00,0.00,0.00,0.6,0.6,0.6,1.1,0.03,0.03,0.05,0.03,0.05
582,Martin Ødegaard\Martin-Odegaard,no NOR,MFFW,Real Madrid,21,1998,7,3,234,2.6,0,0,0,0,0,0,0,0.00,0.00,0.00,0.00,0.00,0.1,0.1,0.4,0.5,0.04,0.15,0.19,0.04,0.19
